Timestamp,Load
1-13-2015 0:00,33.4
1-13-2015 0:30,32.2
1-13-2015 1:00,31
1-13-2015 1:30,31.2
1-13-2015 2:00,30.8
1-13-2015 2:30,30.4
1-13-2015 3:00,28.8
1-13-2015 3:30,26.8
1-13-2015 4:00,29.6
1-13-2015 4:30,30.2
1-13-2015 5:00,32
1-13-2015 5:30,30.4
1-13-2015 6:00,32.8
1-13-2015 6:30,33.4
1-13-2015 7:00,36.8
1-13-2015 7:30,39.4
1-13-2015 8:00,39.2
1-13-2015 8:30,39.8
1-13-2015 9:00,28.8
1-13-2015 9:30,20.6
1-13-2015 10:00,21.2
1-13-2015 10:30,15.8
1-13-2015 11:00,21
1-13-2015 11:30,14.2
1-13-2015 12:00,15.2
1-13-2015 12:30,14.2
1-13-2015 13:00,13.2
1-13-2015 13:30,13.8
1-13-2015 14:00,15.2
1-13-2015 14:30,14.2
1-13-2015 15:00,12.4
1-13-2015 15:30,19
1-13-2015 16:00,31.4
1-13-2015 16:30,34
1-13-2015 17:00,39.4
1-13-2015 17:30,44.2
1-13-2015 18:00,47.8
1-13-2015 18:30,48.4
1-13-2015 19:00,48.6
1-13-2015 19:30,49.4
1-13-2015 20:00,46.6
1-13-2015 20:30,45.4
1-13-2015 21:00,43.4
1-13-2015 21:30,43.2
1-13-2015 22:00,42
1-13-2015 22:30,40.4
1-13-2015 23:00,40
1-13-2015 23:30,37.2
1-14-2015 0:00,33.2
1-14-2015 0:30,31.4
1-14-2015 1:00,30.4
1-14-2015 1:30,27.8
1-14-2015 2:00,27
1-14-2015 2:30,28
1-14-2015 3:00,29.4
1-14-2015 3:30,30.2
1-14-2015 4:00,28.6
1-14-2015 4:30,28.2
1-14-2015 5:00,28.2
1-14-2015 5:30,30.6
1-14-2015 6:00,33.6
1-14-2015 6:30,33.2
1-14-2015 7:00,33.4
1-14-2015 7:30,39.2
1-14-2015 8:00,35.6
1-14-2015 8:30,33.8
1-14-2015 9:00,25
1-14-2015 9:30,18
1-14-2015 10:00,14.2
1-14-2015 10:30,12.4
1-14-2015 11:00,14
1-14-2015 11:30,13.8
1-14-2015 12:00,13.6
1-14-2015 12:30,13.6
1-14-2015 13:00,13.4
1-14-2015 13:30,12.2
1-14-2015 14:00,10.6
1-14-2015 14:30,12.6
1-14-2015 15:00,11.8
1-14-2015 15:30,15.4
1-14-2015 16:00,28.4
1-14-2015 16:30,32.2
1-14-2015 17:00,36.8
1-14-2015 17:30,41.6
1-14-2015 18:00,46.6
1-14-2015 18:30,50.2
1-14-2015 19:00,51.6
1-14-2015 19:30,49.8
1-14-2015 20:00,47.4
1-14-2015 20:30,48.8
1-14-2015 21:00,49.4
1-14-2015 21:30,47.2
1-14-2015 22:00,40
1-14-2015 22:30,39.6
1-14-2015 23:00,36.4
1-14-2015 23:30,38
1-15-2015 0:00,36.4
1-15-2015 0:30,32.4
1-15-2015 1:00,31.8
1-15-2015 1:30,31.4
1-15-2015 2:00,29.4
1-15-2015 2:30,29.4
1-15-2015 3:00,29.8
1-15-2015 3:30,28.6
1-15-2015 4:00,29.4
1-15-2015 4:30,29.8
1-15-2015 5:00,33
1-15-2015 5:30,34.8
1-15-2015 6:00,33
1-15-2015 6:30,34.6
1-15-2015 7:00,36
1-15-2015 7:30,39.8
1-15-2015 8:00,35.8
1-15-2015 8:30,36.4
1-15-2015 9:00,28.4
1-15-2015 9:30,21.4
1-15-2015 10:00,15.6
1-15-2015 10:30,15.2
1-15-2015 11:00,13.4
1-15-2015 11:30,12.6
1-15-2015 12:00,15.4
1-15-2015 12:30,12.2
1-15-2015 13:00,12.4
1-15-2015 13:30,12
1-15-2015 14:00,10.8
1-15-2015 14:30,11.4
1-15-2015 15:00,11.6
1-15-2015 15:30,14.2
1-15-2015 16:00,27.8
1-15-2015 16:30,32.4
1-15-2015 17:00,36.4
1-15-2015 17:30,41.6
1-15-2015 18:00,48
1-15-2015 18:30,47.2
1-15-2015 19:00,48.4
1-15-2015 19:30,50.2
1-15-2015 20:00,48
1-15-2015 20:30,44.8
1-15-2015 21:00,43
1-15-2015 21:30,40.4
1-15-2015 22:00,40.4
1-15-2015 22:30,38
1-15-2015 23:00,34.2
1-15-2015 23:30,34.2
1-16-2015 0:00,33.2
1-16-2015 0:30,30.2
1-16-2015 1:00,30.2
1-16-2015 1:30,30.2
1-16-2015 2:00,31
1-16-2015 2:30,27.6
1-16-2015 3:00,29
1-16-2015 3:30,26.8
1-16-2015 4:00,29.6
1-16-2015 4:30,29.6
1-16-2015 5:00,30.8
1-16-2015 5:30,31.4
1-16-2015 6:00,31
1-16-2015 6:30,33
1-16-2015 7:00,34.6
1-16-2015 7:30,37.4
1-16-2015 8:00,36.4
1-16-2015 8:30,31.4
1-16-2015 9:00,27.8
1-16-2015 9:30,21.6
1-16-2015 10:00,16.6
1-16-2015 10:30,16
1-16-2015 11:00,14.6
1-16-2015 11:30,12.2
1-16-2015 12:00,11.2
1-16-2015 12:30,13
1-16-2015 13:00,13.2
1-16-2015 13:30,12.6
1-16-2015 14:00,12.2
1-16-2015 14:30,11
1-16-2015 15:00,15.4
1-16-2015 15:30,15.4
1-16-2015 16:00,27.8
1-16-2015 16:30,31.2
1-16-2015 17:00,37.8
1-16-2015 17:30,40.4
1-16-2015 18:00,45
1-16-2015 18:30,51.4
1-16-2015 19:00,49.8
1-16-2015 19:30,49.2
1-16-2015 20:00,47.8
1-16-2015 20:30,46.6
1-16-2015 21:00,45.2
1-16-2015 21:30,44.6
1-16-2015 22:00,42.4
1-16-2015 22:30,36.8
1-16-2015 23:00,39
1-16-2015 23:30,37.2
1-17-2015 0:00,35
1-17-2015 0:30,33.6
1-17-2015 1:00,30
1-17-2015 1:30,30.6
1-17-2015 2:00,29.2
1-17-2015 2:30,31.4
1-17-2015 3:00,30.4
1-17-2015 3:30,30
1-17-2015 4:00,32.4
1-17-2015 4:30,30.2
1-17-2015 5:00,32.4
1-17-2015 5:30,32.2
1-17-2015 6:00,33.6
1-17-2015 6:30,33
1-17-2015 7:00,36.4
1-17-2015 7:30,39.6
1-17-2015 8:00,35.2
1-17-2015 8:30,33.8
1-17-2015 9:00,24
1-17-2015 9:30,14.6
1-17-2015 10:00,13.2
1-17-2015 10:30,16.4
1-17-2015 11:00,13.2
1-17-2015 11:30,14.6
1-17-2015 12:00,13.6
1-17-2015 12:30,17.4
1-17-2015 13:00,15.4
1-17-2015 13:30,15.2
1-17-2015 14:00,14.2
1-17-2015 14:30,16.4
1-17-2015 15:00,15.2
1-17-2015 15:30,19.4
1-17-2015 16:00,29.2
1-17-2015 16:30,31.8
1-17-2015 17:00,37.4
1-17-2015 17:30,43.2
1-17-2015 18:00,45.4
1-17-2015 18:30,49.8
1-17-2015 19:00,50
1-17-2015 19:30,50
1-17-2015 20:00,49
1-17-2015 20:30,48.2
1-17-2015 21:00,45
1-17-2015 21:30,42
1-17-2015 22:00,39.2
1-17-2015 22:30,38.8
1-17-2015 23:00,39.6
1-17-2015 23:30,37.6
1-19-2015 0:00,33
1-19-2015 0:30,31.6
1-19-2015 1:00,30.2
1-19-2015 1:30,29.2
1-19-2015 2:00,28.4
1-19-2015 2:30,27.8
1-19-2015 3:00,27
1-19-2015 3:30,29.2
1-19-2015 4:00,30
1-19-2015 4:30,29.6
1-19-2015 5:00,31.4
1-19-2015 5:30,29.2
1-19-2015 6:00,31.2
1-19-2015 6:30,32
1-19-2015 7:00,36.4
1-19-2015 7:30,39.8
1-19-2015 8:00,38
1-19-2015 8:30,30.4
1-19-2015 9:00,21.8
1-19-2015 9:30,17.2
1-19-2015 10:00,12.6
1-19-2015 10:30,19.2
1-19-2015 11:0,14.6
1-19-2015 11:30,14.6
1-19-2015 12:00,27.2
1-19-2015 12:30,15
1-19-2015 13:00,14.6
1-19-2015 13:30,13.4
1-19-2015 14:00,11.4
1-19-2015 14:30,14.2
1-19-2015 15:00,16.2
1-19-2015 15:30,16.2
1-19-2015 16:00,22
1-19-2015 16:30,26.4
1-19-2015 17:00,33.4
1-19-2015 17:30,37.6
1-19-2015 18:00,42.6
1-19-2015 18:30,47.6
1-19-2015 19:00,46.8
1-19-2015 19:30,46
1-19-2015 20:00,41
1-19-2015 20:30,42.8
1-19-2015 21:00,40.4
1-19-2015 21:30,39
1-19-2015 22:00,38.8
1-19-2015 22:30,38
1-19-2015 23:00,34.4
1-19-2015 23:30,33.2
1-22-2015 0:00,34.8
1-22-2015 0:30,30.2
1-22-2015 1:00,27.6
1-22-2015 1:30,27.4
1-22-2015 2:00,25.8
1-22-2015 2:30,24.4
1-22-2015 3:00,26.4
1-22-2015 3:30,29.8
1-22-2015 4:00,28.6
1-22-2015 4:30,27.4
1-22-2015 5:00,31
1-22-2015 5:30,29
1-22-2015 6:00,31.2
1-22-2015 6:30,31
1-22-2015 7:00,36.4
1-22-2015 7:30,36.4
1-22-2015 8:00,33.4
1-22-2015 8:30,31.4
1-22-2015 9:00,29.6
1-22-2015 9:30,27.4
1-22-2015 10:00,27
1-22-2015 10:30,26.8
1-22-2015 11:00,25.8
1-22-2015 11:30,17.6
1-22-2015 12:00,16.2
1-22-2015 12:30,17.6
1-22-2015 13:00,18.4
1-22-2015 13:30,16.2
1-22-2015 14:00,10
1-22-2015 14:30,12.8
1-22-2015 15:00,13
1-22-2015 15:30,16.2
1-22-2015 16:00,20.6
1-22-2015 16:30,26.6
1-22-2015 17:00,34
1-22-2015 17:30,42
1-22-2015 18:00,42.6
1-22-2015 18:30,45.6
1-22-2015 19:00,47.2
1-22-2015 19:30,44.4
1-22-2015 20:00,42
1-22-2015 20:30,44.4
1-22-2015 21:00,42.8
1-22-2015 21:30,37.4
1-22-2015 22:00,36.4
1-22-2015 22:30,32.2
1-22-2015 23:00,32.8
1-22-2015 23:30,35.2
1-23-2015 0:00,31.8
1-23-2015 0:30,29.2
1-23-2015 1:00,27
1-23-2015 1:30,28.6
1-23-2015 2:00,26.8
1-23-2015 2:30,27.6
1-23-2015 3:00,28
1-23-2015 3:30,29.6
1-23-2015 4:00,29.2
1-23-2015 4:30,27.6
1-23-2015 5:00,30
1-23-2015 5:30,28
1-23-2015 6:00,28.6
1-23-2015 6:30,28.2
1-23-2015 7:00,30.4
1-23-2015 7:30,33.8
1-23-2015 8:00,30
1-23-2015 8:30,31
1-23-2015 9:00,25.4
1-23-2015 9:30,17.8
1-23-2015 10:00,15.2
1-23-2015 10:30,13.8
1-23-2015 11:00,20
1-23-2015 11:30,18.2
1-23-2015 12:00,22.6
1-23-2015 12:30,14.4
1-23-2015 13:00,12.8
1-23-2015 13:30,11
1-23-2015 14:00,9.6
1-23-2015 14:30,11.8
1-23-2015 15:00,10.4
1-23-2015 15:30,24.2
1-23-2015 16:00,25.8
1-23-2015 16:30,28.6
1-23-2015 17:00,32.2
1-23-2015 17:30,39.2
1-23-2015 18:00,41.2
1-23-2015 18:30,46.2
1-23-2015 19:00,45.4
1-23-2015 19:30,40.6
1-23-2015 20:00,42.2
1-23-2015 20:30,38.2
1-23-2015 21:00,40.4
1-23-2015 21:30,39.6
1-23-2015 22:00,37
1-23-2015 22:30,37.6
1-23-2015 23:00,36.8
1-23-2015 23:30,35
1-24-2015 0:00,31.8
1-24-2015 0:30,31.8
1-24-2015 1:00,28.6
1-24-2015 1:30,29
1-24-2015 2:00,28.2
1-24-2015 2:30,27.8
1-24-2015 3:00,29
1-24-2015 3:30,27.6
1-24-2015 4:00,27
1-24-2015 4:30,28
1-24-2015 5:00,31.6
1-24-2015 5:30,31.6
1-24-2015 6:00,31.6
1-24-2015 6:30,32.6
1-24-2015 7:00,34.4
1-24-2015 7:30,32.2
1-24-2015 8:00,30
1-24-2015 8:30,32
1-24-2015 9:00,33.6
1-24-2015 9:30,32.8
1-24-2015 10:00,31.2
1-24-2015 10:30,37
1-24-2015 11:00,33.6
1-24-2015 11:30,32.2
1-24-2015 12:00,27.6
1-24-2015 12:30,31.2
1-24-2015 13:00,34.6
1-24-2015 13:30,27
1-24-2015 14:00,25.6
1-24-2015 14:30,29
1-24-2015 15:00,31
1-24-2015 15:30,31.4
1-24-2015 16:00,33.6
1-24-2015 16:30,36.2
1-24-2015 17:00,38.6
1-24-2015 17:30,43.8
1-24-2015 18:00,44.6
1-24-2015 18:30,45.2
1-24-2015 19:00,45.4
1-24-2015 19:30,42.4
1-24-2015 20:00,45
1-24-2015 20:30,46.4
1-24-2015 21:00,44
1-24-2015 21:30,41.6
1-24-2015 22:00,37.8
1-24-2015 22:30,35.2
1-24-2015 23:00,31.6
1-24-2015 23:30,31.6
1-26-2015 0:00,30.4
1-26-2015 0:30,29
1-26-2015 1:00,26.2
1-26-2015 1:30,25.6
1-26-2015 2:00,27.6
1-26-2015 2:30,27.4
1-26-2015 3:00,29.4
1-26-2015 3:30,27.4
1-26-2015 4:00,27
1-26-2015 4:30,26.8
1-26-2015 5:00,28.6
1-26-2015 5:30,29.6
1-26-2015 6:00,31.2
1-26-2015 6:30,31.2
1-26-2015 7:00,32.4
1-26-2015 7:30,34.2
1-26-2015 8:00,29.4
1-26-2015 8:30,25.8
1-26-2015 9:00,24.4
1-26-2015 9:30,17
1-26-2015 10:00,17
1-26-2015 10:30,15.2
1-26-2015 11:00,13
1-26-2015 11:30,12.6
1-26-2015 12:00,11.8
1-26-2015 12:30,12.8
1-26-2015 13:00,11.4
1-26-2015 13:30,14.6
1-26-2015 14:00,17.8
1-26-2015 14:30,25.4
1-26-2015 15:00,27
1-26-2015 15:30,33.8
1-26-2015 16:00,36.2
1-26-2015 16:30,41.2
1-26-2015 17:00,38.2
1-26-2015 17:30,41.4
1-26-2015 18:00,43.2
1-26-2015 18:30,48.4
1-26-2015 19:00,47
1-26-2015 19:30,45.2
1-26-2015 20:00,44.6
1-26-2015 20:30,42.2
1-26-2015 21:00,40.6
1-26-2015 21:30,38.4
1-26-2015 22:00,34.8
1-26-2015 22:30,33.8
1-26-2015 23:00,31.4
1-26-2015 23:30,30.6
1-27-2015 0:00,28.4
1-27-2015 0:30,29.8
1-27-2015 1:00,28.6
1-27-2015 1:30,27.2
1-27-2015 2:00,26
1-27-2015 2:30,28.8
1-27-2015 3:00,28.4
1-27-2015 3:30,28.2
1-27-2015 4:00,27.8
1-27-2015 4:30,27.2
1-27-2015 5:00,29.8
1-27-2015 5:30,26.6
1-27-2015 6:00,28.2
1-27-2015 6:30,31.6
1-27-2015 7:00,33.2
1-27-2015 7:30,37.8
1-27-2015 8:00,35.8
1-27-2015 8:30,35.4
1-27-2015 9:00,35.2
1-27-2015 9:30,37.6
1-27-2015 10:00,36.2
1-27-2015 10:30,32
1-27-2015 11:00,30.2
1-27-2015 11:30,31.2
1-27-2015 12:00,35.6
1-27-2015 12:30,29.4
1-27-2015 13:00,33
1-27-2015 13:30,26
1-27-2015 14:00,20.6
1-27-2015 14:30,24.2
1-27-2015 15:00,23.8
1-27-2015 15:30,29.4
1-27-2015 16:00,29.4
1-27-2015 16:30,31.4
1-27-2015 17:00,35.8
1-27-2015 17:30,41.4
1-27-2015 18:00,42.4
1-27-2015 18:30,43.8
1-27-2015 19:00,43
1-27-2015 19:30,47.6
1-27-2015 20:00,43.6
1-27-2015 20:30,43.8
1-27-2015 21:00,41.6
1-27-2015 21:30,39.4
1-27-2015 22:00,36.4
1-27-2015 22:30,33.2
1-27-2015 23:00,32.6
1-27-2015 23:30,32
1-28-2015 0:00,30.6
1-28-2015 0:30,27.8
1-28-2015 1:00,28.8
1-28-2015 1:30,27.2
1-28-2015 2:00,25.6
1-28-2015 2:30,26.6
1-28-2015 3:00,27.8
1-28-2015 3:30,28
1-28-2015 4:00,27
1-28-2015 4:30,29.4
1-28-2015 5:00,28.6
1-28-2015 5:30,29.4
1-28-2015 6:00,29.2
1-28-2015 6:30,30
1-28-2015 7:00,34
1-28-2015 7:30,35.4
1-28-2015 8:00,34.6
1-28-2015 8:30,30.4
1-28-2015 9:0,35.2
1-28-2015 9:30,36.2
1-28-2015 10:00,32.8
1-28-2015 10:30,35.2
1-28-2015 11:00,32.6
1-28-2015 11:30,36.6
1-28-2015 12:00,19.6
1-28-2015 12:30,29.6
1-28-2015 13:00,22.2
1-28-2015 13:30,28.4
1-28-2015 14:00,19.4
1-28-2015 14:30,27.8
1-28-2015 15:00,30.4
1-28-2015 15:30,26.8
1-28-2015 16:00,29.2
1-28-2015 16:30,31.6
1-28-2015 17:00,36.2
1-28-2015 17:30,40.2
1-28-2015 18:00,40.2
1-28-2015 18:30,44.8
1-28-2015 19:00,46.8
1-28-2015 19:30,44.8
1-28-2015 20:00,44
1-28-2015 20:30,41.8
1-28-2015 21:00,41.6
1-28-2015 21:30,40.4
1-28-2015 22:00,38.2
1-28-2015 22:30,36.2
1-28-2015 23:00,33.6
1-28-2015 23:30,33.8
1-29-2015 0:00,32.8
1-29-2015 0:30,28.6
1-29-2015 1:00,30.6
1-29-2015 1:30,30.4
1-29-2015 2:00,26.8
1-29-2015 2:30,26.8
1-29-2015 3:00,29.6
1-29-2015 3:30,29
1-29-2015 4:00,30
1-29-2015 4:30,29.4
1-29-2015 5:00,28.8
1-29-2015 5:30,28.4
1-29-2015 6:00,30
1-29-2015 6:30,30.2
1-29-2015 7:00,35
1-29-2015 7:30,38.8
1-29-2015 8:00,34.8
1-29-2015 8:30,36.2
1-29-2015 9:00,37.2
1-29-2015 9:30,38.4
1-29-2015 10:00,39.8
1-29-2015 10:30,38.2
1-29-2015 11:00,32.2
1-29-2015 11:30,30.8
1-29-2015 12:00,32.2
1-29-2015 12:30,39.2
1-29-2015 13:00,34
1-29-2015 13:30,33.2
1-29-2015 14:00,28.2
1-29-2015 14:30,33
1-29-2015 15:00,32.2
1-29-2015 15:30,37
1-29-2015 16:00,35
1-29-2015 16:30,36.8
1-29-2015 17:00,39
1-29-2015 17:30,42
1-29-2015 18:00,44.8
1-29-2015 18:30,46.4
1-29-2015 19:00,47.6
1-29-2015 19:30,44.6
1-29-2015 20:00,43
1-29-2015 20:30,43.4
1-29-2015 21:00,40.8
1-29-2015 21:30,38.8
1-29-2015 22:00,34.4
1-29-2015 22:30,35
1-29-2015 23:00,33
1-29-2015 23:30,33.8
1-30-2015 0:00,32
1-30-2015 0:30,31
1-30-2015 1:00,31.6
1-30-2015 1:30,29.8
1-30-2015 2:00,28.6
1-30-2015 2:30,25.4
1-30-2015 3:00,26
1-30-2015 3:30,26.8
1-30-2015 4:00,27.4
1-30-2015 4:30,30
1-30-2015 5:00,30.6
1-30-2015 5:30,28.8
1-30-2015 6:00,29.4
1-30-2015 6:30,32
1-30-2015 7:00,32.6
1-30-2015 7:30,36
1-30-2015 8:00,35.4
1-30-2015 8:30,36
1-30-2015 9:00,35.4
1-30-2015 9:30,36.6
1-30-2015 10:00,36.6
1-30-2015 10:30,31.6
1-30-2015 11:00,33.6
1-30-2015 11:30,24.6
1-30-2015 12:00,33.6
1-30-2015 12:30,20.4
1-30-2015 13:00,21
1-30-2015 13:30,30.6
1-30-2015 14:00,17
1-30-2015 14:30,27.2
1-30-2015 15:00,23.8
1-30-2015 15:30,22
1-30-2015 16:00,21.2
1-30-2015 16:30,29.8
1-30-2015 17:00,39.4
1-30-2015 17:30,38.6
1-30-2015 18:00,42.6
1-30-2015 18:30,46.6
1-30-2015 19:00,47.8
1-30-2015 19:30,44.2
1-30-2015 20:00,43.6
1-30-2015 20:30,42.2
1-30-2015 21:00,44.2
1-30-2015 21:30,37.2
1-30-2015 22:00,36.8
1-30-2015 22:30,35.8
1-30-2015 23:00,36
1-30-2015 23:30,34.8
2-11-2015 0:00,31.4
2-11-2015 0:30,35.2
2-11-2015 1:00,31
2-11-2015 1:30,28.6
2-11-2015 2:00,31.2
2-11-2015 2:30,32
2-11-2015 3:00,31
2-11-2015 3:30,31.6
2-11-2015 4:00,30.4
2-11-2015 4:30,30.6
2-11-2015 5:00,34
2-11-2015 5:30,32.6
2-11-2015 6:00,34.8
2-11-2015 6:30,35
2-11-2015 7:00,39.4
2-11-2015 7:30,40.4
2-11-2015 8:00,43.6
2-11-2015 8:30,41.8
2-11-2015 9:00,42
2-11-2015 9:30,29.2
2-11-2015 10:00,20.8
2-11-2015 10:30,29.6
2-11-2015 11:00,22.2
2-11-2015 11:30,33.8
2-11-2015 12:00,38.4
2-11-2015 12:30,33.8
2-11-2015 13:00,36.8
2-11-2015 13:30,31.8
2-11-2015 14:00,34.6
2-11-2015 14:30,32
2-11-2015 15:00,22.2
2-11-2015 15:30,35.8
2-11-2015 16:00,37.6
2-11-2015 16:30,37.6
2-11-2015 17:00,42.2
2-11-2015 17:30,41.4
2-11-2015 18:00,46.2
2-11-2015 18:30,53.4
2-11-2015 19:00,49.4
2-11-2015 19:30,51.6
2-11-2015 20:00,47
2-11-2015 20:30,47
2-11-2015 21:00,49.4
2-11-2015 21:30,44.8
2-11-2015 22:00,41.4
2-11-2015 22:30,41.6
2-11-2015 23:00,39.4
2-11-2015 23:30,36.2
2-12-2015 0:00,35
2-12-2015 0:30,33.8
2-12-2015 1:00,30.6
2-12-2015 1:30,30.8
2-12-2015 2:00,30.6
2-12-2015 2:30,30.6
2-12-2015 3:00,29.8
2-12-2015 3:30,30.6
2-12-2015 4:00,29.8
2-12-2015 4:30,29.6
2-12-2015 5:00,33.4
2-12-2015 5:30,33.8
2-12-2015 6:00,36.2
2-12-2015 6:30,34.2
2-12-2015 7:00,37.2
2-12-2015 7:30,40.8
2-12-2015 8:00,44.6
2-12-2015 8:30,42.8
2-12-2015 9:00,41.6
2-12-2015 9:30,44.6
2-12-2015 10:00,26
2-12-2015 10:30,15.8
2-12-2015 11:00,13
2-12-2015 11:30,15.4
2-12-2015 12:00,17
2-12-2015 12:30,15.4
2-12-2015 13:00,11.6
2-12-2015 13:30,12.6
2-12-2015 14:00,10
2-12-2015 14:30,24.4
2-12-2015 15:00,18.2
2-12-2015 15:30,19.6
2-12-2015 16:00,19.2
2-12-2015 16:30,24.8
2-12-2015 17:00,37.8
2-12-2015 17:30,42.6
2-12-2015 18:00,44.8
2-12-2015 18:30,47
2-12-2015 19:00,51.4
2-12-2015 19:30,50
2-12-2015 20:00,47.6
2-12-2015 20:30,44.6
2-12-2015 21:00,45
2-12-2015 21:30,45.2
2-12-2015 22:00,42.2
2-12-2015 22:30,42.8
2-12-2015 23:00,37.8
2-12-2015 23:30,35.6
2-13-2015 0:00,36
2-13-2015 0:30,30.6
2-13-2015 1:00,29.8
2-13-2015 1:30,30.4
2-13-2015 2:00,29.4
2-13-2015 2:30,30.6
2-13-2015 3:00,28.4
2-13-2015 3:30,28.4
2-13-2015 4:00,30.6
2-13-2015 4:30,31.4
2-13-2015 5:00,34
2-13-2015 5:30,30
2-13-2015 6:00,31.8
2-13-2015 6:30,34.4
2-13-2015 7:00,38
2-13-2015 7:30,39.2
2-13-2015 8:00,40.8
2-13-2015 8:30,43
2-13-2015 9:00,44.2
2-13-2015 9:30,45.4
2-13-2015 10:00,44.4
2-13-2015 10:30,42.2
2-13-2015 11:00,46.2
2-13-2015 11:30,47.4
2-13-2015 12:00,47.4
2-13-2015 12:30,44.6
2-13-2015 13:00,41.2
2-13-2015 13:30,34
2-13-2015 14:00,38
2-13-2015 14:30,35.8
2-13-2015 15:00,35.4
2-13-2015 15:30,37.4
2-13-2015 16:00,39.2
2-13-2015 16:30,41
2-13-2015 17:00,41.2
2-13-2015 17:30,41.6
2-13-2015 18:00,45
2-13-2015 18:30,49.6
2-13-2015 19:00,49.6
2-13-2015 19:30,47
2-13-2015 20:00,46.4
2-13-2015 20:30,46.2
2-13-2015 21:00,49
2-13-2015 21:30,46
2-13-2015 22:00,42.4
2-13-2015 22:30,44.2
2-13-2015 23:00,41
2-13-2015 23:30,36.6
2-15-2015 0:00,35.6
2-15-2015 0:30,37.4
2-15-2015 1:00,32.4
2-15-2015 1:30,32.4
2-15-2015 2:00,31.8
2-15-2015 2:30,30.4
2-15-2015 3:00,31
2-15-2015 3:30,31.6
2-15-2015 4:00,30
2-15-2015 4:30,33
2-15-2015 5:00,29.6
2-15-2015 5:30,30.2
2-15-2015 6:00,32.8
2-15-2015 6:30,34.2
2-15-2015 7:00,39
2-15-2015 7:30,33
2-15-2015 8:00,29
2-15-2015 8:30,28.6
2-15-2015 9:00,24.4
2-15-2015 9:30,25.2
2-15-2015 10:00,22.8
2-15-2015 10:30,31.6
2-15-2015 11:00,17.6
2-15-2015 11:30,30.6
2-15-2015 12:00,12.2
2-15-2015 12:30,-12.4
2-15-2015 13:00,-10
2-15-2015 13:30,-8.6
2-15-2015 14:00,-22.4
2-15-2015 14:30,-8.8
2-15-2015 15:00,6.6
2-15-2015 15:30,11.8
2-15-2015 16:00,13.8
2-15-2015 16:30,17
2-15-2015 17:00,26.2
2-15-2015 17:30,33
2-15-2015 18:00,37.8
2-15-2015 18:30,45.6
2-15-2015 19:00,49.2
2-15-2015 19:30,47.2
2-15-2015 20:00,44.6
2-15-2015 20:30,41.4
2-15-2015 21:00,41.4
2-15-2015 21:30,40.8
2-15-2015 22:00,40.2
2-15-2015 22:30,38
2-15-2015 23:00,36.2
2-15-2015 23:30,35.2
2-17-2015 0:00,31.8
2-17-2015 0:30,29.6
2-17-2015 1:00,29.6
2-17-2015 1:30,27.8
2-17-2015 2:00,27.8
2-17-2015 2:30,30
2-17-2015 3:00,30.8
2-17-2015 3:30,30.2
2-17-2015 4:00,30.4
2-17-2015 4:30,30.2
2-17-2015 5:00,29.2
2-17-2015 5:30,28
2-17-2015 6:00,29.6
2-17-2015 6:30,30.4
2-17-2015 7:00,35.6
2-17-2015 7:30,37.2
2-17-2015 8:00,39.2
2-17-2015 8:30,36
2-17-2015 9:00,38.4
2-17-2015 9:30,33.8
2-17-2015 10:00,44.4
2-17-2015 10:30,40.4
2-17-2015 11:00,41.6
2-17-2015 11:30,41
2-17-2015 12:00,42.6
2-17-2015 12:30,39.2
2-17-2015 13:00,40
2-17-2015 13:30,35.4
2-17-2015 14:00,38
2-17-2015 14:30,36.6
2-17-2015 15:00,38.6
2-17-2015 15:30,37
2-17-2015 16:00,35.2
2-17-2015 16:30,37.2
2-17-2015 17:00,39.4
2-17-2015 17:30,39.2
2-17-2015 18:00,44
2-17-2015 18:30,45.4
2-17-2015 19:00,48
2-17-2015 19:30,50.6
2-17-2015 20:00,48.4
2-17-2015 20:30,47.6
2-17-2015 21:00,48.2
2-17-2015 21:30,47.6
2-17-2015 22:00,45.4
2-17-2015 22:30,44.2
2-17-2015 23:00,40.2
2-17-2015 23:30,38
2-18-2015 0:00,35.2
2-18-2015 0:30,30.2
2-18-2015 1:00,29.4
2-18-2015 1:30,29.2
2-18-2015 2:00,29.4
2-18-2015 2:30,30.2
2-18-2015 3:00,28.8
2-18-2015 3:30,29
2-18-2015 4:00,26.8
2-18-2015 4:30,28.4
2-18-2015 5:00,31
2-18-2015 5:30,31.8
2-18-2015 6:00,29.8
2-18-2015 6:30,34.4
2-18-2015 7:00,39.6
2-18-2015 7:30,37.6
2-18-2015 8:00,39.8
2-18-2015 8:30,31.8
2-18-2015 9:00,28.6
2-18-2015 9:30,33.8
2-18-2015 10:00,18.2
2-18-2015 10:30,14
2-18-2015 11:00,12.8
2-18-2015 11:30,12
2-18-2015 12:00,12
2-18-2015 12:30,13
2-18-2015 13:00,15.6
2-18-2015 13:30,14.6
2-18-2015 14:00,21.2
2-18-2015 14:30,22.6
2-18-2015 15:00,22.4
2-18-2015 15:30,24.4
2-18-2015 16:00,24.6
2-18-2015 16:30,26
2-18-2015 17:00,33.2
2-18-2015 17:30,38.2
2-18-2015 18:00,41.4
2-18-2015 18:30,48
2-18-2015 19:00,51.2
2-18-2015 19:30,52.4
2-18-2015 20:00,50.8
2-18-2015 20:30,46.2
2-18-2015 21:00,47.2
2-18-2015 21:30,47.2
2-18-2015 22:00,45.4
2-18-2015 22:30,43.8
2-18-2015 23:00,40
2-18-2015 23:30,40.4
2-19-2015 0:00,35
2-19-2015 0:30,33.2
2-19-2015 1:00,31
2-19-2015 1:30,31.6
2-19-2015 2:00,31.4
2-19-2015 2:30,31.4
2-19-2015 3:00,31.8
2-19-2015 3:30,32
2-19-2015 4:00,30
2-19-2015 4:30,31
2-19-2015 5:00,31.6
2-19-2015 5:30,35.2
2-19-2015 6:00,35.8
2-19-2015 6:30,38.2
2-19-2015 7:00,41.2
2-19-2015 7:30,40.8
2-19-2015 8:00,36.4
2-19-2015 8:30,28.8
2-19-2015 9:00,31.8
2-19-2015 9:30,17.2
2-19-2015 10:00,15.2
2-19-2015 10:30,13.8
2-19-2015 11:00,12
2-19-2015 11:30,11.6
2-19-2015 12:00,13
2-19-2015 12:30,13.8
2-19-2015 13:00,14
2-19-2015 13:30,12.2
2-19-2015 14:00,16.8
2-19-2015 14:30,11.6
2-19-2015 15:00,10.2
2-19-2015 15:30,11.4
2-19-2015 16:00,13
2-19-2015 16:30,20.2
2-19-2015 17:00,29.2
2-19-2015 17:30,35.8
2-19-2015 18:00,41.2
2-19-2015 18:30,45.4
2-19-2015 19:00,51.2
2-19-2015 19:30,50
2-19-2015 20:00,47.8
2-19-2015 20:30,47.2
2-19-2015 21:00,45
2-19-2015 21:30,45.4
2-19-2015 22:00,42.4
2-19-2015 22:30,42.8
2-19-2015 23:00,40.8
2-19-2015 23:30,35.4
2-20-2015 0:00,33.6
2-20-2015 0:30,31.8
2-20-2015 1:00,29.4
2-20-2015 1:30,28.8
2-20-2015 2:00,30.2
2-20-2015 2:30,30.2
2-20-2015 3:00,29.8
2-20-2015 3:30,29
2-20-2015 4:00,28
2-20-2015 4:30,28.8
2-20-2015 5:00,31
2-20-2015 5:30,30
2-20-2015 6:00,33.4
2-20-2015 6:30,34.8
2-20-2015 7:00,41.6
2-20-2015 7:30,38.2
2-20-2015 8:00,34.6
2-20-2015 8:30,29.2
2-20-2015 9:00,19.2
2-20-2015 9:30,14
2-20-2015 10:00,13.4
2-20-2015 10:30,11.2
2-20-2015 11:00,12.2
2-20-2015 11:30,13.4
2-20-2015 12:00,15
2-20-2015 12:30,14.6
2-20-2015 13:00,14.8
2-20-2015 13:30,14.2
2-20-2015 14:0,11
2-20-2015 14:30,11
2-20-2015 15:00,9.8
2-20-2015 15:30,11
2-20-2015 16:00,14.6
2-20-2015 16:30,17.4
2-20-2015 17:00,28.6
2-20-2015 17:30,36
2-20-2015 18:00,40.8
2-20-2015 18:30,47
2-20-2015 19:00,49.8
2-20-2015 19:30,52
2-20-2015 20:00,50.2
2-20-2015 20:30,50
2-20-2015 21:00,46.8
2-20-2015 21:30,47.2
2-20-2015 22:00,42.8
2-20-2015 22:30,43
2-20-2015 23:00,40.4
2-20-2015 23:30,37.2
2-21-2015 0:00,34.4
2-21-2015 0:30,34.4
2-21-2015 1:00,32.4
2-21-2015 1:30,31.4
2-21-2015 2:00,30.4
2-21-2015 2:30,31.8
2-21-2015 3:00,31.6
2-21-2015 3:30,31.4
2-21-2015 4:00,31.2
2-21-2015 4:30,31.2
2-21-2015 5:00,33.6
2-21-2015 5:30,32.8
2-21-2015 6:00,36
2-21-2015 6:30,37.4
2-21-2015 7:00,38.2
2-21-2015 7:30,36.4
2-21-2015 8:00,33.8
2-21-2015 8:30,26.6
2-21-2015 9:00,21.6
2-21-2015 9:30,14
2-21-2015 10:00,11.8
2-21-2015 10:30,13.2
2-21-2015 11:00,10.8
2-21-2015 11:30,11.4
2-21-2015 12:00,12.4
2-21-2015 12:30,13
2-21-2015 13:00,12.8
2-21-2015 13:30,12.2
2-21-2015 14:00,11.4
2-21-2015 14:30,10.8
2-21-2015 15:00,9
2-21-2015 15:30,9
2-21-2015 16:00,14.8
2-21-2015 16:30,21.8
2-21-2015 17:00,29.4
2-21-2015 17:30,36.6
2-21-2015 18:00,39.6
2-21-2015 18:30,47
2-21-2015 19:00,51.4
2-21-2015 19:30,48
2-21-2015 20:00,50
2-21-2015 20:30,51
2-21-2015 21:00,49
2-21-2015 21:30,45.6
2-21-2015 22:00,46.6
2-21-2015 22:30,40.8
2-21-2015 23:00,40.4
2-21-2015 23:30,37.6
2-22-2015 0:00,37.4
2-22-2015 0:30,35.8
2-22-2015 1:00,32
2-22-2015 1:30,33
2-22-2015 2:00,34.4
2-22-2015 2:30,34.8
2-22-2015 3:00,33.4
2-22-2015 3:30,31.6
2-22-2015 4:00,31.2
2-22-2015 4:30,29.8
2-22-2015 5:00,31.2
2-22-2015 5:30,32.8
2-22-2015 6:00,33.2
2-22-2015 6:30,35
2-22-2015 7:00,35.4
2-22-2015 7:30,33
2-22-2015 8:00,33
2-22-2015 8:30,32.6
2-22-2015 9:00,30.2
2-22-2015 9:30,34
2-22-2015 10:00,31.2
2-22-2015 10:30,30
2-22-2015 11:00,38.4
2-22-2015 11:30,33.6
2-22-2015 12:00,38.8
2-22-2015 12:30,35.4
2-22-2015 13:00,38.8
2-22-2015 13:30,36.4
2-22-2015 14:00,34.4
2-22-2015 14:30,30.2
2-22-2015 15:00,32.2
2-22-2015 15:30,33.4
2-22-2015 16:00,35.2
2-22-2015 16:30,36.8
2-22-2015 17:00,37.2
2-22-2015 17:30,41
2-22-2015 18:00,41.6
2-22-2015 18:30,44.4
2-22-2015 19:00,48.2
2-22-2015 19:30,48.8
2-22-2015 20:00,47.8
2-22-2015 20:30,44.6
2-22-2015 21:00,42.8
2-22-2015 21:30,41.6
2-22-2015 22:00,41.2
2-22-2015 22:30,37.6
2-22-2015 23:00,38.8
2-22-2015 23:30,36.8
2-23-2015 0:00,37
2-23-2015 0:30,32.8
2-23-2015 1:00,32.6
2-23-2015 1:30,33.2
2-23-2015 2:00,31.8
2-23-2015 2:30,32.4
2-23-2015 3:00,33
2-23-2015 3:30,35
2-23-2015 4:00,34.4
2-23-2015 4:30,32
2-23-2015 5:00,31.4
2-23-2015 5:30,31.4
2-23-2015 6:00,29.6
2-23-2015 6:30,30.2
2-23-2015 7:00,34.6
2-23-2015 7:30,32.8
2-23-2015 8:00,36.6
2-23-2015 8:30,35.8
2-23-2015 9:00,37.4
2-23-2015 9:30,39.8
2-23-2015 10:00,42.8
2-23-2015 10:30,43.8
2-23-2015 11:00,38.8
2-23-2015 11:30,25
2-23-2015 12:00,24.6
2-23-2015 12:30,13.4
2-23-2015 13:00,17.2
2-23-2015 13:30,26.6
2-23-2015 14:00,23.4
2-23-2015 14:30,26.8
2-23-2015 15:00,29.8
2-23-2015 15:30,33
2-23-2015 16:00,32.6
2-23-2015 16:30,32.6
2-23-2015 17:00,33.2
2-23-2015 17:30,36.4
2-23-2015 18:00,38.4
2-23-2015 18:30,39.8
2-23-2015 19:00,42.8
2-23-2015 19:30,41.8
2-23-2015 20:00,43.8
2-23-2015 20:30,39.8
2-23-2015 21:00,38
2-23-2015 21:30,34.6
2-23-2015 22:00,33.2
2-23-2015 22:30,32.8
2-23-2015 23:00,32
2-23-2015 23:30,28.8
2-24-2015 0:00,28.2
2-24-2015 0:30,27.4
2-24-2015 1:00,27.2
2-24-2015 1:30,26.4
2-24-2015 2:00,25.4
2-24-2015 2:30,25.6
2-24-2015 3:00,25
2-24-2015 3:30,26.8
2-24-2015 4:00,27
2-24-2015 4:30,28.8
2-24-2015 5:00,31
2-24-2015 5:30,33
2-24-2015 6:00,31.4
2-24-2015 6:30,29.2
2-24-2015 7:00,34
2-24-2015 7:30,30.6
2-24-2015 8:00,33.4
2-24-2015 8:30,31.2
2-24-2015 9:00,29.2
2-24-2015 9:30,24.2
2-24-2015 10:00,20
2-24-2015 10:30,23.8
2-24-2015 11:00,17.6
2-24-2015 11:30,19.6
2-24-2015 12:00,11.8
2-24-2015 12:30,14.6
2-24-2015 13:00,14
2-24-2015 13:30,9.6
2-24-2015 14:00,14.6
2-24-2015 14:30,11.4
2-24-2015 15:00,11.6
2-24-2015 15:30,15.6
2-24-2015 16:00,12.8
2-24-2015 16:30,21
2-24-2015 17:00,27.6
2-24-2015 17:30,29.6
2-24-2015 18:00,38.2
2-24-2015 18:30,44
2-24-2015 19:00,46.6
2-24-2015 19:30,44.4
2-24-2015 20:00,42.6
2-24-2015 20:30,40.6
2-24-2015 21:00,45.2
2-24-2015 21:30,42.2
2-24-2015 22:00,38.4
2-24-2015 22:30,36.4
2-24-2015 23:00,31.2
2-24-2015 23:30,34
2-26-2015 0:00,29.8
2-26-2015 0:30,27
2-26-2015 1:00,27.8
2-26-2015 1:30,26.2
2-26-2015 2:00,26.2
2-26-2015 2:30,28.4
2-26-2015 3:00,28.4
2-26-2015 3:30,29.8
2-26-2015 4:00,29.4
2-26-2015 4:30,28.4
2-26-2015 5:00,29
2-26-2015 5:30,27.2
2-26-2015 6:00,29.4
2-26-2015 6:30,32.6
2-26-2015 7:00,33.4
2-26-2015 7:30,31.2
2-26-2015 8:00,24.2
2-26-2015 8:30,18.4
2-26-2015 9:00,13
2-26-2015 9:30,13
2-26-2015 10:00,12.2
2-26-2015 10:30,18.4
2-26-2015 11:00,25.6
2-26-2015 11:30,24.2
2-26-2015 12:00,27
2-26-2015 12:30,30.2
2-26-2015 13:00,30
2-26-2015 13:30,27.8
2-26-2015 14:00,26.8
2-26-2015 14:30,26
2-26-2015 15:00,30.4
2-26-2015 15:30,36
2-26-2015 16:00,35.2
2-26-2015 16:30,37.8
2-26-2015 17:00,35.6
2-26-2015 17:30,37.8
2-26-2015 18:00,42.8
2-26-2015 18:30,40.8
2-26-2015 19:00,44.4
2-26-2015 19:30,46.8
2-26-2015 20:00,43.2
2-26-2015 20:30,42.8
2-26-2015 21:00,41
2-26-2015 21:30,39.4
2-26-2015 22:00,38.2
2-26-2015 22:30,37.8
2-26-2015 23:00,38.8
2-26-2015 23:30,36.4
2-27-2015 0:00,33.6
2-27-2015 0:30,31.6
2-27-2015 1:00,31.4
2-27-2015 1:30,26.4
2-27-2015 2:00,28.4
2-27-2015 2:30,29.6
2-27-2015 3:00,27.8
2-27-2015 3:30,26.8
2-27-2015 4:00,25.8
2-27-2015 4:30,27.2
2-27-2015 5:00,28.2
2-27-2015 5:30,32.2
2-27-2015 6:00,31.2
2-27-2015 6:30,34.8
2-27-2015 7:00,37.2
2-27-2015 7:30,38.8
2-27-2015 8:00,40
2-27-2015 8:30,42
2-27-2015 9:00,44.4
2-27-2015 9:30,44.2
2-27-2015 10:00,43.6
2-27-2015 10:30,41.4
2-27-2015 11:00,41.2
2-27-2015 11:30,39
2-27-2015 12:00,45
2-27-2015 12:30,48.2
2-27-2015 13:00,42.6
2-27-2015 13:30,39
2-27-2015 14:00,39.6
2-27-2015 14:30,38.2
2-27-2015 15:00,37.2
2-27-2015 15:30,36.4
2-27-2015 16:00,37.6
2-27-2015 16:30,38.6
2-27-2015 17:00,38.8
2-27-2015 17:30,39.6
2-27-2015 18:00,42.8
2-27-2015 18:30,45.6
2-27-2015 19:00,46.2
2-27-2015 19:30,45.2
2-27-2015 20:00,45.8
2-27-2015 20:30,47
2-27-2015 21:00,47.2
2-27-2015 21:30,44.2
2-27-2015 22:00,43
2-27-2015 22:30,42.6
2-27-2015 23:00,41
2-27-2015 23:30,39.4
2-28-2015 0:00,35.2
2-28-2015 0:30,33.2
2-28-2015 1:00,32.2
2-28-2015 1:30,30.6
2-28-2015 2:00,28.2
2-28-2015 2:30,28.8
2-28-2015 3:00,28.8
2-28-2015 3:30,28.8
2-28-2015 4:00,31.8
2-28-2015 4:30,30.8
2-28-2015 5:00,28.8
2-28-2015 5:30,31.8
2-28-2015 6:00,33.2
2-28-2015 6:30,32.6
2-28-2015 7:00,32.6
2-28-2015 7:30,31.2
2-28-2015 8:00,33.6
2-28-2015 8:30,33.8
2-28-2015 9:00,35.2
2-28-2015 9:30,34.2
2-28-2015 10:00,33.2
2-28-2015 10:30,39.4
2-28-2015 11:00,39.4
2-28-2015 11:30,39
2-28-2015 12:00,36.2
2-28-2015 12:30,33.6
2-28-2015 13:00,30.8
2-28-2015 13:30,22.6
2-28-2015 14:00,24.8
2-28-2015 14:30,24.2
2-28-2015 15:00,21.4
2-28-2015 15:30,20.6
2-28-2015 16:00,22.4
2-28-2015 16:30,25.8
2-28-2015 17:00,33
2-28-2015 17:30,34.6
2-28-2015 18:00,35.4
2-28-2015 18:30,41.4
2-28-2015 19:00,44.8
2-28-2015 19:30,46.4
2-28-2015 20:00,45.8
2-28-2015 20:30,45.8
2-28-2015 21:00,40.8
2-28-2015 21:30,38.4
2-28-2015 22:00,37.2
2-28-2015 22:30,35.6
2-28-2015 23:00,37
2-28-2015 23:30,35
3-2-2015 0:00,30.8
3-2-2015 0:30,26.4
3-2-2015 1:00,26.2
3-2-2015 1:30,25
3-2-2015 2:00,25.4
3-2-2015 2:30,28.6
3-2-2015 3:00,28.4
3-2-2015 3:30,28
3-2-2015 4:00,30
3-2-2015 4:30,31.4
3-2-2015 5:00,31.8
3-2-2015 5:30,31.2
3-2-2015 6:00,28.8
3-2-2015 6:30,29
3-2-2015 7:00,31.2
3-2-2015 7:30,27.6
3-2-2015 8:00,21
3-2-2015 8:30,17.4
3-2-2015 9:00,14
3-2-2015 9:30,13.8
3-2-2015 10:00,10.2
3-2-2015 10:30,11.2
3-2-2015 11:00,13.4
3-2-2015 11:30,13
3-2-2015 12:00,15.8
3-2-2015 12:30,14
3-2-2015 13:00,11.4
3-2-2015 13:30,14.4
3-2-2015 14:00,10.2
3-2-2015 14:30,9
3-2-2015 15:00,11.8
3-2-2015 15:30,15.2
3-2-2015 16:00,15.8
3-2-2015 16:30,27.4
3-2-2015 17:00,30.4
3-2-2015 17:30,30.2
3-2-2015 18:00,33.6
3-2-2015 18:30,40.6
3-2-2015 19:00,48
3-2-2015 19:30,44.8
3-2-2015 20:00,42.6
3-2-2015 20:30,40.6
3-2-2015 21:00,38.8
3-2-2015 21:30,39.4
3-2-2015 22:00,36.8
3-2-2015 22:30,36.6
3-2-2015 23:00,32
3-2-2015 23:30,33.8
3-3-2015 0:00,28
3-3-2015 0:30,27.6
3-3-2015 1:00,27.2
3-3-2015 1:30,28.4
3-3-2015 2:00,24.6
3-3-2015 2:30,28
3-3-2015 3:00,26.8
3-3-2015 3:30,28.2
3-3-2015 4:00,25.4
3-3-2015 4:30,29.2
3-3-2015 5:00,26.4
3-3-2015 5:30,26.6
3-3-2015 6:00,27
3-3-2015 6:30,31.4
3-3-2015 7:00,29
3-3-2015 7:30,23.4
3-3-2015 8:00,18
3-3-2015 8:30,18.2
3-3-2015 9:00,17.2
3-3-2015 9:30,10.2
3-3-2015 10:00,12.6
3-3-2015 10:30,13.6
3-3-2015 11:00,13.4
3-3-2015 11:30,16.2
3-3-2015 12:00,17.4
3-3-2015 12:30,16.8
3-3-2015 13:00,11.4
3-3-2015 13:30,15
3-3-2015 14:00,17.4
3-3-2015 14:30,13
3-3-2015 15:00,14.8
3-3-2015 15:30,12.8
3-3-2015 16:00,12.4
3-3-2015 16:30,17.8
3-3-2015 17:00,24.4
3-3-2015 17:30,28
3-3-2015 18:00,30.2
3-3-2015 18:30,37
3-3-2015 19:00,42.4
3-3-2015 19:30,39.4
3-3-2015 20:00,38.6
3-3-2015 20:30,37.6
3-3-2015 21:00,41.2
3-3-2015 21:30,37.2
3-3-2015 22:00,36
3-3-2015 22:30,34.6
3-3-2015 23:00,30.8
3-3-2015 23:30,28.2
3-4-2015 0:00,25.8
3-4-2015 0:30,25.8
3-4-2015 1:00,26.4
3-4-2015 1:30,27.4
3-4-2015 2:00,23.8
3-4-2015 2:30,23.8
3-4-2015 3:00,25
3-4-2015 3:30,24.4
3-4-2015 4:00,26.2
3-4-2015 4:30,25
3-4-2015 5:00,29.4
3-4-2015 5:30,24.4
3-4-2015 6:00,27
3-4-2015 6:30,30.4
3-4-2015 7:00,27.6
3-4-2015 7:30,28
3-4-2015 8:00,30
3-4-2015 8:30,20.8
3-4-2015 9:00,17.8
3-4-2015 9:30,13
3-4-2015 10:00,13.4
3-4-2015 10:30,12
3-4-2015 11:00,15.8
3-4-2015 11:30,16.2
3-4-2015 12:00,16.8
3-4-2015 12:30,16.6
3-4-2015 13:00,16.8
3-4-2015 13:30,18
3-4-2015 14:00,17
3-4-2015 14:30,15.8
3-4-2015 15:00,10.8
3-4-2015 15:30,8.2
3-4-2015 16:00,9.8
3-4-2015 16:30,13.6
3-4-2015 17:00,19.8
3-4-2015 17:30,27.8
3-4-2015 18:00,32.2
3-4-2015 18:30,39
3-4-2015 19:00,45.8
3-4-2015 19:30,47.2
3-4-2015 20:00,42.4
3-4-2015 20:30,43.4
3-4-2015 21:00,41
3-4-2015 21:30,35
3-4-2015 22:00,35.4
3-4-2015 22:30,32
3-4-2015 23:00,32.4
3-4-2015 23:30,31.8
3-5-2015 0:00,28
3-5-2015 0:30,29.2
3-5-2015 1:00,26.6
3-5-2015 1:30,27.6
3-5-2015 2:00,26.8
3-5-2015 2:30,26.4
3-5-2015 3:00,26.8
3-5-2015 3:30,27.2
3-5-2015 4:00,26.4
3-5-2015 4:30,29
3-5-2015 5:00,29.6
3-5-2015 5:30,28.2
3-5-2015 6:00,26.2
3-5-2015 6:30,27
3-5-2015 7:00,27.8
3-5-2015 7:30,29.2
3-5-2015 8:00,28
3-5-2015 8:30,26.6
3-5-2015 9:00,27.2
3-5-2015 9:30,22
3-5-2015 10:00,28
3-5-2015 10:30,28.8
3-5-2015 11:00,28.8
3-5-2015 11:30,26.6
3-5-2015 12:00,27
3-5-2015 12:30,23.2
3-5-2015 13:00,23.8
3-5-2015 13:30,20
3-5-2015 14:00,19.4
3-5-2015 14:30,16
3-5-2015 15:00,19.6
3-5-2015 15:30,26.4
3-5-2015 16:00,24
3-5-2015 16:30,26.4
3-5-2015 17:00,30.2
3-5-2015 17:30,34.8
3-5-2015 18:00,35.8
3-5-2015 18:30,40
3-5-2015 19:00,46.6
3-5-2015 19:30,45.8
3-5-2015 20:00,43.4
3-5-2015 20:30,41.4
3-5-2015 21:00,38.6
3-5-2015 21:30,38
3-5-2015 22:00,38.4
3-5-2015 22:30,37
3-5-2015 23:00,34.6
3-5-2015 23:30,31.2
3-6-2015 0:00,28.8
3-6-2015 0:30,26.6
3-6-2015 1:00,25
3-6-2015 1:30,28.6
3-6-2015 2:00,27.4
3-6-2015 2:30,26.8
3-6-2015 3:00,27.4
3-6-2015 3:30,26.6
3-6-2015 4:00,24.6
3-6-2015 4:30,27.8
3-6-2015 5:00,24.8
3-6-2015 5:30,26.2
3-6-2015 6:00,28.4
3-6-2015 6:30,31.4
3-6-2015 7:00,31.4
3-6-2015 7:30,31.4
3-6-2015 8:00,32.4
3-6-2015 8:30,33.6
3-6-2015 9:00,34.4
3-6-2015 9:30,37
3-6-2015 10:00,35.4
3-6-2015 10:30,36
3-6-2015 11:00,38.2
3-6-2015 11:30,37.4
3-6-2015 12:00,36.6
3-6-2015 12:30,38.6
3-6-2015 13:00,37.4
3-6-2015 13:30,32.8
3-6-2015 14:00,33.2
3-6-2015 14:30,34
3-6-2015 15:00,35.8
3-6-2015 15:30,36.4
3-6-2015 16:00,28.8
3-6-2015 16:30,26.2
3-6-2015 17:00,33.2
3-6-2015 17:30,33.6
3-6-2015 18:00,35.8
3-6-2015 18:30,39.8
3-6-2015 19:00,44.6
3-6-2015 19:30,46.8
3-6-2015 20:00,44.2
3-6-2015 20:30,45.4
3-6-2015 21:00,43.6
3-6-2015 21:30,41.4
3-6-2015 22:00,40.6
3-6-2015 22:30,36.2
3-6-2015 23:00,36.2
3-6-2015 23:30,35.2
3-7-2015 0:00,32.4
3-7-2015 0:30,30.8
3-7-2015 1:00,29.6
3-7-2015 1:30,29.6
3-7-2015 2:00,28.4
3-7-2015 2:30,29.2
3-7-2015 3:00,30.8
3-7-2015 3:30,29.6
3-7-2015 4:00,29.6
3-7-2015 4:30,29.4
3-7-2015 5:00,32
3-7-2015 5:30,28.4
3-7-2015 6:00,28.4
3-7-2015 6:30,31
3-7-2015 7:00,31.4
3-7-2015 7:30,31.4
3-7-2015 8:00,35.8
3-7-2015 8:30,37.8
3-7-2015 9:00,36.6
3-7-2015 9:30,22.8
3-7-2015 10:00,25.8
3-7-2015 10:30,30.4
3-7-2015 11:00,31.4
3-7-2015 11:30,35.2
3-7-2015 12:00,37.4
3-7-2015 12:30,35.6
3-7-2015 13:00,32.6
3-7-2015 13:30,29.2
3-7-2015 14:00,33.8
3-7-2015 14:30,21.2
3-7-2015 15:00,25
3-7-2015 15:30,24.6
3-7-2015 16:00,30.2
3-7-2015 16:30,31.8
3-7-2015 17:00,32.4
3-7-2015 17:30,38.8
3-7-2015 18:00,39
3-7-2015 18:30,44.8
3-7-2015 19:00,48.8
3-7-2015 19:30,50
3-7-2015 20:00,43.8
3-7-2015 20:30,44.6
3-7-2015 21:00,43.6
3-7-2015 21:30,44.8
3-7-2015 22:00,43.6
3-7-2015 22:30,39
3-7-2015 23:00,39.6
3-7-2015 23:30,34.6
3-8-2015 0:00,31.8
3-8-2015 0:30,32.4
3-8-2015 1:00,31.8
3-8-2015 1:30,31
3-8-2015 2:00,33.8
3-8-2015 2:30,33
3-8-2015 3:00,30.6
3-8-2015 3:30,31
3-8-2015 4:00,29.2
3-8-2015 4:30,30.6
3-8-2015 5:00,31
3-8-2015 5:30,31.6
3-8-2015 6:00,32.4
3-8-2015 6:30,32.6
3-8-2015 7:00,30.6
3-8-2015 7:30,32.8
3-8-2015 8:00,30.4
3-8-2015 8:30,32
3-8-2015 9:00,32.4
3-8-2015 9:30,32.8
3-8-2015 10:00,35.2
3-8-2015 10:30,34.2
3-8-2015 11:00,37
3-8-2015 11:30,37.6
3-8-2015 12:00,37.8
3-8-2015 12:30,40.8
3-8-2015 13:00,38.2
3-8-2015 13:30,37.8
3-8-2015 14:00,34.8
3-8-2015 14:30,34.6
3-8-2015 15:00,33.4
3-8-2015 15:30,33.4
3-8-2015 16:00,33.2
3-8-2015 16:30,34
3-8-2015 17:00,34
3-8-2015 17:30,37.8
3-8-2015 18:00,38.2
3-8-2015 18:30,38.6
3-8-2015 19:00,43.2
3-8-2015 19:30,43.6
3-8-2015 20:00,44.2
3-8-2015 20:30,40.6
3-8-2015 21:00,42
3-8-2015 21:30,38.2
3-8-2015 22:00,41.8
3-8-2015 22:30,38.2
3-8-2015 23:00,34.4
3-8-2015 23:30,34
3-9-2015 0:00,31
3-9-2015 0:30,28.8
3-9-2015 1:00,28
3-9-2015 1:30,29.6
3-9-2015 2:00,29.8
3-9-2015 2:30,29
3-9-2015 3:00,28.6
3-9-2015 3:30,28.2
3-9-2015 4:00,29.4
3-9-2015 4:30,30.2
3-9-2015 5:00,29.6
3-9-2015 5:30,30.6
3-9-2015 6:00,30
3-9-2015 6:30,32
3-9-2015 7:00,34.8
3-9-2015 7:30,35.2
3-9-2015 8:00,38.4
3-9-2015 8:30,36.4
3-9-2015 9:00,34.4
3-9-2015 9:30,36.4
3-9-2015 10:00,36.2
3-9-2015 10:30,37.2
3-9-2015 11:00,37
3-9-2015 11:30,36.8
3-9-2015 12:00,32.4
3-9-2015 12:30,30.2
3-9-2015 13:00,30.8
3-9-2015 13:30,35.8
3-9-2015 14:00,33.4
3-9-2015 14:30,33
3-9-2015 15:00,34.2
3-9-2015 15:30,33.4
3-9-2015 16:00,34.6
3-9-2015 16:30,32.8
3-9-2015 17:00,38.4
3-9-2015 17:30,38.8
3-9-2015 18:00,39.4
3-9-2015 18:30,45
3-9-2015 19:00,47.2
3-9-2015 19:30,49.4
3-9-2015 20:00,46.2
3-9-2015 20:30,47
3-9-2015 21:00,42.4
3-9-2015 21:30,43
3-9-2015 22:00,42.8
3-9-2015 22:30,39
3-9-2015 23:00,37.6
3-9-2015 23:30,32.8
3-10-2015 0:00,31
3-10-2015 0:30,28.4
3-10-2015 1:00,32.4
3-10-2015 1:30,27.6
3-10-2015 2:00,28.8
3-10-2015 2:30,27.6
3-10-2015 3:00,27.8
3-10-2015 3:30,25.8
3-10-2015 4:00,25.6
3-10-2015 4:30,27.2
3-10-2015 5:00,30.8
3-10-2015 5:30,30
3-10-2015 6:00,32.2
3-10-2015 6:30,32.2
3-10-2015 7:00,32
3-10-2015 7:30,32.8
3-10-2015 8:00,40.2
3-10-2015 8:30,37.4
3-10-2015 9:00,39.4
3-10-2015 9:30,41
3-10-2015 10:00,41.6
3-10-2015 10:30,40.2
3-10-2015 11:00,39
3-10-2015 11:30,38.4
3-10-2015 12:00,38.6
3-10-2015 12:30,36.2
3-10-2015 13:00,28.4
3-10-2015 13:30,24.4
3-10-2015 14:00,22.8
3-10-2015 14:30,23.2
3-10-2015 15:00,25.4
3-10-2015 15:30,23.2
3-10-2015 16:00,20.2
3-10-2015 16:30,29.4
3-10-2015 17:00,34.4
3-10-2015 17:30,37.4
3-10-2015 18:00,43.8
3-10-2015 18:30,50
3-10-2015 19:00,51.2
3-10-2015 19:30,47.4
3-10-2015 20:00,46
3-10-2015 20:30,47.2
3-10-2015 21:00,46.6
3-10-2015 21:30,43.8
3-10-2015 22:00,43.8
3-10-2015 22:30,40.6
3-10-2015 23:00,36.4
3-10-2015 23:30,32.4
3-11-2015 0:00,30.6
3-11-2015 0:30,30
3-11-2015 1:00,28.8
3-11-2015 1:30,29.6
3-11-2015 2:00,29.4
3-11-2015 2:30,28.4
3-11-2015 3:00,29
3-11-2015 3:30,27.4
3-11-2015 4:00,27.6
3-11-2015 4:30,30.4
3-11-2015 5:00,30.8
3-11-2015 5:30,31
3-11-2015 6:00,29.4
3-11-2015 6:30,33.2
3-11-2015 7:00,29.4
3-11-2015 7:30,29.6
3-11-2015 8:00,29.4
3-11-2015 8:30,33.2
3-11-2015 9:00,25.4
3-11-2015 9:30,25.4
3-11-2015 10:00,18
3-11-2015 10:30,28.4
3-11-2015 11:00,34
3-11-2015 11:30,31.6
3-11-2015 12:00,25.2
3-11-2015 12:30,21.6
3-11-2015 13:00,18.6
3-11-2015 13:30,12.8
3-11-2015 14:00,17.2
3-11-2015 14:30,12.4
3-11-2015 15:00,15
3-11-2015 15:30,19
3-11-2015 16:00,30.4
3-11-2015 16:30,32.8
3-11-2015 17:00,29.6
3-11-2015 17:30,35.8
3-11-2015 18:00,42.6
3-11-2015 18:30,45.2
3-11-2015 19:00,46.4
3-11-2015 19:30,46.6
3-11-2015 20:00,45.4
3-11-2015 20:30,43.4
3-11-2015 21:00,40.6
3-11-2015 21:30,38.8
3-11-2015 22:00,36.4
3-11-2015 22:30,39.4
3-11-2015 23:00,34.8
3-11-2015 23:30,32.6
3-14-2015 0:00,33.8
3-14-2015 0:30,33.4
3-14-2015 1:00,31.8
3-14-2015 1:30,31.2
3-14-2015 2:00,31.2
3-14-2015 2:30,29
3-14-2015 3:00,29.4
3-14-2015 3:30,28.2
3-14-2015 4:00,30.4
3-14-2015 4:30,31.4
3-14-2015 5:00,33.8
3-14-2015 5:30,34.4
3-14-2015 6:00,29.8
3-14-2015 6:30,32.2
3-14-2015 7:00,28.2
3-14-2015 7:30,32.8
3-14-2015 8:00,34.2
3-14-2015 8:30,25.8
3-14-2015 9:00,17.6
3-14-2015 9:30,13.4
3-14-2015 10:00,14.4
3-14-2015 10:30,13.6
3-14-2015 11:00,13.8
3-14-2015 11:30,14
3-14-2015 12:00,15.6
3-14-2015 12:30,13.2
3-14-2015 13:00,15.8
3-14-2015 13:30,13.2
3-14-2015 14:00,12.4
3-14-2015 14:30,13.8
3-14-2015 15:00,10.6
3-14-2015 15:30,12.2
3-14-2015 16:00,26.8
3-14-2015 16:30,27.2
3-14-2015 17:00,24.8
3-14-2015 17:30,30.8
3-14-2015 18:00,40.4
3-14-2015 18:30,42.2
3-14-2015 19:00,47.8
3-14-2015 19:30,47
3-14-2015 20:00,46.2
3-14-2015 20:30,46
3-14-2015 21:00,41.6
3-14-2015 21:30,45.6
3-14-2015 22:00,45
3-14-2015 22:30,40
3-14-2015 23:00,36.8
3-14-2015 23:30,37
3-15-2015 0:00,35.4
3-15-2015 0:30,35.2
3-15-2015 1:00,31.2
3-15-2015 1:30,31.8
3-15-2015 2:00,28.4
3-15-2015 2:30,31.6
3-15-2015 3:00,30
3-15-2015 3:30,32.6
3-15-2015 4:00,30.8
3-15-2015 4:30,32.6
3-15-2015 5:00,31
3-15-2015 5:30,29.2
3-15-2015 6:00,32.8
3-15-2015 6:30,35
3-15-2015 7:00,29.8
3-15-2015 7:30,28.4
3-15-2015 8:00,20.2
3-15-2015 8:30,14.8
3-15-2015 9:00,9.8
3-15-2015 9:30,10.6
3-15-2015 10:00,8.2
3-15-2015 10:30,9.8
3-15-2015 11:00,11.4
3-15-2015 11:30,12.6
3-15-2015 12:00,10.8
3-15-2015 12:30,13.8
3-15-2015 13:00,14.6
3-15-2015 13:30,16
3-15-2015 14:00,12.4
3-15-2015 14:30,12.4
3-15-2015 15:00,9.8
3-15-2015 15:30,7.4
3-15-2015 16:00,10
3-15-2015 16:30,11.4
3-15-2015 17:00,18.4
3-15-2015 17:30,27.8
3-15-2015 18:00,28.8
3-15-2015 18:30,34.6
3-15-2015 19:00,36.6
3-15-2015 19:30,43
3-15-2015 20:00,41.8
3-15-2015 20:30,41.6
3-15-2015 21:00,42.8
3-15-2015 21:30,38.8
3-15-2015 22:00,39.6
3-15-2015 22:30,36
3-15-2015 23:00,33.2
3-15-2015 23:30,35.2
3-16-2015 0:00,32.4
3-16-2015 0:30,29.2
3-16-2015 1:00,29.8
3-16-2015 1:30,30.4
3-16-2015 2:00,24.8
3-16-2015 2:30,28.2
3-16-2015 3:00,29
3-16-2015 3:30,29.2
3-16-2015 4:00,30.8
3-16-2015 4:30,31.8
3-16-2015 5:00,30
3-16-2015 5:30,27.2
3-16-2015 6:00,29.4
3-16-2015 6:30,29.8
3-16-2015 7:00,32
3-16-2015 7:30,33.8
3-16-2015 8:00,34
3-16-2015 8:30,34.4
3-16-2015 9:00,39.2
3-16-2015 9:30,31.2
3-16-2015 10:00,31.2
3-16-2015 10:30,34.6
3-16-2015 11:00,27.8
3-16-2015 11:30,28.8
3-16-2015 12:00,24.2
3-16-2015 12:30,24.4
3-16-2015 13:00,25.6
3-16-2015 13:30,23.4
3-16-2015 14:00,25.6
3-16-2015 14:30,23.4
3-16-2015 15:00,23.4
3-16-2015 15:30,20.8
3-16-2015 16:00,28
3-16-2015 16:30,34.8
3-16-2015 17:00,29.8
3-16-2015 17:30,33.6
3-16-2015 18:00,39
3-16-2015 18:30,39.4
3-16-2015 19:00,42.4
3-16-2015 19:30,45.2
3-16-2015 20:00,43.4
3-16-2015 20:30,43.8
3-16-2015 21:00,44.2
3-16-2015 21:30,44
3-16-2015 22:00,41.4
3-16-2015 22:30,36.8
3-16-2015 23:00,34.6
3-16-2015 23:30,32.4
3-18-2015 0:00,31.8
3-18-2015 0:30,30.2
3-18-2015 1:00,30
3-18-2015 1:30,28.8
3-18-2015 2:00,26.2
3-18-2015 2:30,25.4
3-18-2015 3:00,25.8
3-18-2015 3:30,29.8
3-18-2015 4:00,28.2
3-18-2015 4:30,29
3-18-2015 5:00,28.4
3-18-2015 5:30,28.6
3-18-2015 6:00,29.8
3-18-2015 6:30,30
3-18-2015 7:00,31
3-18-2015 7:30,32.8
3-18-2015 8:00,35.8
3-18-2015 8:30,36
3-18-2015 9:00,26
3-18-2015 9:30,18.8
3-18-2015 10:00,15.8
3-18-2015 10:30,21.6
3-18-2015 11:00,24.6
3-18-2015 11:30,28.8
3-18-2015 12:00,29
3-18-2015 12:30,25.4
3-18-2015 13:00,24.6
3-18-2015 13:30,16.6
3-18-2015 14:00,15
3-18-2015 14:30,21.8
3-18-2015 15:00,24.4
3-18-2015 15:30,31.2
3-18-2015 16:00,34.4
3-18-2015 16:30,33
3-18-2015 17:00,34
3-18-2015 17:30,37
3-18-2015 18:00,39.4
3-18-2015 18:30,39.2
3-18-2015 19:00,41.4
3-18-2015 19:30,46.4
3-18-2015 20:00,45
3-18-2015 20:30,43.6
3-18-2015 21:00,43.2
3-18-2015 21:30,42.6
3-18-2015 22:00,40
3-18-2015 22:30,37.6
3-18-2015 23:00,36.6
3-18-2015 23:30,35.8
3-19-2015 0:00,31
3-19-2015 0:30,33
3-19-2015 1:00,31.8
3-19-2015 1:30,28.8
3-19-2015 2:00,28.8
3-19-2015 2:30,29.4
3-19-2015 3:00,28.2
3-19-2015 3:30,30.2
3-19-2015 4:00,29
3-19-2015 4:30,35.6
3-19-2015 5:00,33.2
3-19-2015 5:30,31
3-19-2015 6:00,32
3-19-2015 6:30,31.2
3-19-2015 7:00,29.8
3-19-2015 7:30,28
3-19-2015 8:00,22
3-19-2015 8:30,20.2
3-19-2015 9:00,12.2
3-19-2015 9:30,8.8
3-19-2015 10:00,16
3-19-2015 10:30,13.4
3-19-2015 11:00,12.8
3-19-2015 11:30,15.2
3-19-2015 12:00,16.6
3-19-2015 12:30,16
3-19-2015 13:00,16.2
3-19-2015 13:30,15.4
3-19-2015 14:00,14.2
3-19-2015 14:30,13.6
3-19-2015 15:00,13.8
3-19-2015 15:30,14.4
3-19-2015 16:00,24.8
3-19-2015 16:30,26
3-19-2015 17:00,33.4
3-19-2015 17:30,37
3-19-2015 18:00,35.2
3-19-2015 18:30,36.4
3-19-2015 19:00,43
3-19-2015 19:30,45.6
3-19-2015 20:00,44.6
3-19-2015 20:30,45.4
3-19-2015 21:00,44.8
3-19-2015 21:30,41.6
3-19-2015 22:00,42.4
3-19-2015 22:30,39.2
3-19-2015 23:00,35.6
3-19-2015 23:30,34.2
3-20-2015 0:00,31.6
3-20-2015 0:30,31
3-20-2015 1:00,31.2
3-20-2015 1:30,29.2
3-20-2015 2:00,30.8
3-20-2015 2:30,29.4
3-20-2015 3:00,31.4
3-20-2015 3:30,28.6
3-20-2015 4:00,27.4
3-20-2015 4:30,28.2
3-20-2015 5:00,29.8
3-20-2015 5:30,30.6
3-20-2015 6:00,32.4
3-20-2015 6:30,31
3-20-2015 7:00,31.4
3-20-2015 7:30,33.4
3-20-2015 8:00,35.2
3-20-2015 8:30,31.2
3-20-2015 9:00,27.6
3-20-2015 9:30,15.4
3-20-2015 10:00,19.8
3-20-2015 10:30,11
3-20-2015 11:00,12.8
3-20-2015 11:30,16
3-20-2015 12:00,25.4
3-20-2015 12:30,13
3-20-2015 13:00,12.2
3-20-2015 13:30,10.4
3-20-2015 14:00,15.6
3-20-2015 14:30,15.8
3-20-2015 15:00,8.2
3-20-2015 15:30,11.2
3-20-2015 16:00,20.4
3-20-2015 16:30,27
3-20-2015 17:00,32.8
3-20-2015 17:30,35.2
3-20-2015 18:00,34.6
3-20-2015 18:30,37.2
3-20-2015 19:00,42.8
3-20-2015 19:30,47.6
3-20-2015 20:00,43.2
3-20-2015 20:30,44.2
3-20-2015 21:00,44
3-20-2015 21:30,44.2
3-20-2015 22:00,42.2
3-20-2015 22:30,37
3-20-2015 23:00,39.2
3-20-2015 23:30,36.8
3-21-2015 0:00,33.6
3-21-2015 0:30,33.6
3-21-2015 1:00,31.4
3-21-2015 1:30,28.8
3-21-2015 2:00,30
3-21-2015 2:30,29.8
3-21-2015 3:00,28
3-21-2015 3:30,30
3-21-2015 4:00,32.4
3-21-2015 4:30,30.6
3-21-2015 5:00,31
3-21-2015 5:30,30
3-21-2015 6:00,32.2
3-21-2015 6:30,27.2
3-21-2015 7:00,26.2
3-21-2015 7:30,23.4
3-21-2015 8:00,19.4
3-21-2015 8:30,14.4
3-21-2015 9:00,10.8
3-21-2015 9:30,13.6
3-21-2015 10:00,11
3-21-2015 10:30,11.6
3-21-2015 11:00,13.8
3-21-2015 11:30,15.6
3-21-2015 12:00,16.6
3-21-2015 12:30,15.8
3-21-2015 13:00,14.4
3-21-2015 13:30,14.4
3-21-2015 14:00,13.4
3-21-2015 14:30,11.4
3-21-2015 15:00,10.2
3-21-2015 15:30,11.2
3-21-2015 16:00,12.4
3-21-2015 16:30,16.2
3-21-2015 17:00,21
3-21-2015 17:30,26.8
3-21-2015 18:00,32.4
3-21-2015 18:30,37
3-21-2015 19:00,42.6
3-21-2015 19:30,45.8
3-21-2015 20:00,47.6
3-21-2015 20:30,44.2
3-21-2015 21:00,44.2
3-21-2015 21:30,41.4
3-21-2015 22:00,41.4
3-21-2015 22:30,40
3-21-2015 23:00,36.4
3-21-2015 23:30,33.8
3-22-2015 0:00,31
3-22-2015 0:30,35
3-22-2015 1:00,33.8
3-22-2015 1:30,32
3-22-2015 2:00,30
3-22-2015 2:30,33.6
3-22-2015 3:00,28
3-22-2015 3:30,28.6
3-22-2015 4:00,29.6
3-22-2015 4:30,31
3-22-2015 5:00,31
3-22-2015 5:30,31.2
3-22-2015 6:00,33.4
3-22-2015 6:30,29.6
3-22-2015 7:00,26.6
3-22-2015 7:30,23
3-22-2015 8:00,21.6
3-22-2015 8:30,14.2
3-22-2015 9:00,12
3-22-2015 9:30,7.8
3-22-2015 10:00,6.8
3-22-2015 10:30,9.4
3-22-2015 11:00,10.2
3-22-2015 11:30,11.2
3-22-2015 12:00,9.6
3-22-2015 12:30,20.8
3-22-2015 13:00,24.2
3-22-2015 13:30,27.8
3-22-2015 14:00,26.8
3-22-2015 14:30,27.6
3-22-2015 15:00,31
3-22-2015 15:30,36.2
3-22-2015 16:00,35.4
3-22-2015 16:30,32
3-22-2015 17:00,28.8
3-22-2015 17:30,32.8
3-22-2015 18:00,31
3-22-2015 18:30,34.8
3-22-2015 19:00,38.6
3-22-2015 19:30,41.4
3-22-2015 20:00,42.2
3-22-2015 20:30,45.6
3-22-2015 21:00,43
3-22-2015 21:30,39.4
3-22-2015 22:00,39
3-22-2015 22:30,33.8
3-22-2015 23:00,35.2
3-22-2015 23:30,34.6
3-23-2015 0:00,33.6
3-23-2015 0:30,32.4
3-23-2015 1:00,30.8
3-23-2015 1:30,28.6
3-23-2015 2:00,27.6
3-23-2015 2:30,27.8
3-23-2015 3:00,28.2
3-23-2015 3:30,28
3-23-2015 4:00,29
3-23-2015 4:30,29.4
3-23-2015 5:00,29.6
3-23-2015 5:30,30.6
3-23-2015 6:00,30.4
3-23-2015 6:30,29.8
3-23-2015 7:00,32.6
3-23-2015 7:30,34.2
3-23-2015 8:00,35
3-23-2015 8:30,22.4
3-23-2015 9:00,31.2
3-23-2015 9:30,24.2
3-23-2015 10:00,18.2
3-23-2015 10:30,21.2
3-23-2015 11:00,17.8
3-23-2015 11:30,30
3-23-2015 12:00,29
3-23-2015 12:30,30
3-23-2015 13:00,27.4
3-23-2015 13:30,27.2
3-23-2015 14:00,27.8
3-23-2015 14:30,26.4
3-23-2015 15:00,30
3-23-2015 15:30,33.8
3-23-2015 16:00,35.2
3-23-2015 16:30,38
3-23-2015 17:00,39.4
3-23-2015 17:30,39
3-23-2015 18:00,41.6
3-23-2015 18:30,40.4
3-23-2015 19:00,42.8
3-23-2015 19:30,47
3-23-2015 20:00,48
3-23-2015 20:30,46.8
3-23-2015 21:00,43.6
3-23-2015 21:30,42
3-23-2015 22:00,40.6
3-23-2015 22:30,38
3-23-2015 23:00,35.2
3-23-2015 23:30,33
3-24-2015 0:00,29.8
3-24-2015 0:30,32
3-24-2015 1:00,30.6
3-24-2015 1:30,29.6
3-24-2015 2:00,29.4
3-24-2015 2:30,27.6
3-24-2015 3:00,29.2
3-24-2015 3:30,27.6
3-24-2015 4:00,29.8
3-24-2015 4:30,30.6
3-24-2015 5:00,30.2
3-24-2015 5:30,29.8
3-24-2015 6:00,31.2
3-24-2015 6:30,31.4
3-24-2015 7:00,30.8
3-24-2015 7:30,29.6
3-24-2015 8:00,37.8
3-24-2015 8:30,37.8
3-24-2015 9:00,40.2
3-24-2015 9:30,42.6
3-24-2015 10:00,39.2
3-24-2015 10:30,38.2
3-24-2015 11:00,35
3-24-2015 11:30,35.8
3-24-2015 12:00,36.4
3-24-2015 12:30,35.6
3-24-2015 13:00,32.8
3-24-2015 13:30,32.2
3-24-2015 14:00,27.8
3-24-2015 14:30,29
3-24-2015 15:00,29.2
3-24-2015 15:30,33.6
3-24-2015 16:00,31.6
3-24-2015 16:30,33
3-24-2015 17:00,35.8
3-24-2015 17:30,38.6
3-24-2015 18:00,36.4
3-24-2015 18:30,44
3-24-2015 19:00,43.6
3-24-2015 19:30,48.6
3-24-2015 20:00,48.4
3-24-2015 20:30,47.4
3-24-2015 21:00,43.2
3-24-2015 21:30,41.8
3-24-2015 22:00,39.6
3-24-2015 22:30,38
3-24-2015 23:00,37.4
3-24-2015 23:30,36
3-25-2015 0:00,32.4
3-25-2015 0:30,30
3-25-2015 1:00,27.4
3-25-2015 1:30,26.8
3-25-2015 2:00,27
3-25-2015 2:30,29.4
3-25-2015 3:00,29.6
3-25-2015 3:30,30
3-25-2015 4:00,30.2
3-25-2015 4:30,28.2
3-25-2015 5:00,30.6
3-25-2015 5:30,32.6
3-25-2015 6:00,32.6
3-25-2015 6:30,27.6
3-25-2015 7:00,31.4
3-25-2015 7:30,30.8
3-25-2015 8:00,35
3-25-2015 8:30,35
3-25-2015 9:00,35.8
3-25-2015 9:30,34.8
3-25-2015 10:00,33
3-25-2015 10:30,31
3-25-2015 11:00,29.6
3-25-2015 11:30,33.8
3-25-2015 12:00,35.8
3-25-2015 12:30,26.4
3-25-2015 13:00,27.6
3-25-2015 13:30,24.2
3-25-2015 14:00,24.8
3-25-2015 14:30,29.2
3-25-2015 15:00,28.2
3-25-2015 15:30,30.8
3-25-2015 16:00,29.8
3-25-2015 16:30,30.8
3-25-2015 17:00,31.6
3-25-2015 17:30,32.6
3-25-2015 18:00,35.8
3-25-2015 18:30,37.8
3-25-2015 19:00,39.8
3-25-2015 19:30,42.4
3-25-2015 20:00,43
3-25-2015 20:30,44
3-25-2015 21:00,43
3-25-2015 21:30,38.4
3-25-2015 22:00,39.8
3-25-2015 22:30,36.2
3-25-2015 23:00,35
3-25-2015 23:30,32.6
3-26-2015 0:00,32.4
3-26-2015 0:30,29
3-26-2015 1:00,26.8
3-26-2015 1:30,26.2
3-26-2015 2:00,27
3-26-2015 2:30,27.2
3-26-2015 3:00,28.4
3-26-2015 3:30,29.2
3-26-2015 4:00,29.6
3-26-2015 4:30,29.2
3-26-2015 5:00,29.2
3-26-2015 5:30,28.2
3-26-2015 6:00,31.8
3-26-2015 6:30,29.2
3-26-2015 7:00,32
3-26-2015 7:30,31.4
3-26-2015 8:00,33.8
3-26-2015 8:30,34.2
3-26-2015 9:00,40
3-26-2015 9:30,43
3-26-2015 10:00,42
3-26-2015 10:30,39.6
3-26-2015 11:00,40.4
3-26-2015 11:30,38.4
3-26-2015 12:00,42.2
3-26-2015 12:30,39
3-26-2015 13:00,34.8
3-26-2015 13:30,35.6
3-26-2015 14:00,35.4
3-26-2015 14:30,39.2
3-26-2015 15:00,37.4
3-26-2015 15:30,36.2
3-26-2015 16:00,38
3-26-2015 16:30,35.8
3-26-2015 17:00,39.2
3-26-2015 17:30,41
3-26-2015 18:00,39.4
3-26-2015 18:30,42.4
3-26-2015 19:00,42.4
3-26-2015 19:30,48.4
3-26-2015 20:00,43.8
3-26-2015 20:30,45.2
3-26-2015 21:00,43.6
3-26-2015 21:30,40.8
3-26-2015 22:00,40.2
3-26-2015 22:30,36.8
3-26-2015 23:00,32.2
3-26-2015 23:30,32.8
3-28-2015 0:00,31.8
3-28-2015 0:30,28.8
3-28-2015 1:00,29.6
3-28-2015 1:30,28.8
3-28-2015 2:00,31.4
3-28-2015 2:30,30.8
3-28-2015 3:00,28.4
3-28-2015 3:30,28.8
3-28-2015 4:00,27.4
3-28-2015 4:30,26.4
3-28-2015 5:00,27
3-28-2015 5:30,29.8
3-28-2015 6:00,31
3-28-2015 6:30,28.4
3-28-2015 7:00,28
3-28-2015 7:30,27.8
3-28-2015 8:00,29.6
3-28-2015 8:30,27
3-28-2015 9:00,26
3-28-2015 9:30,24.2
3-28-2015 10:00,13.8
3-28-2015 10:30,11
3-28-2015 11:00,15.4
3-28-2015 11:30,16.8
3-28-2015 12:00,18.8
3-28-2015 12:30,16
3-28-2015 13:00,10.8
3-28-2015 13:30,13.4
3-28-2015 14:00,13.4
3-28-2015 14:30,13.8
3-28-2015 15:00,15.2
3-28-2015 15:30,20
3-28-2015 16:00,21
3-28-2015 16:30,29.6
3-28-2015 17:00,31.4
3-28-2015 17:30,30.2
3-28-2015 18:00,34.8
3-28-2015 18:30,38.2
3-28-2015 19:00,43.2
3-28-2015 19:30,45.2
3-28-2015 20:00,44.4
3-28-2015 20:30,40.8
3-28-2015 21:00,40
3-28-2015 21:30,39.4
3-28-2015 22:00,37.2
3-28-2015 22:30,38.4
3-28-2015 23:00,34.8
3-28-2015 23:30,32.4
3-30-2015 0:00,31.6
3-30-2015 0:30,29.4
3-30-2015 1:00,27.6
3-30-2015 1:30,27.2
3-30-2015 2:00,24
3-30-2015 2:30,24.8
3-30-2015 3:00,24.6
3-30-2015 3:30,29.2
3-30-2015 4:00,28
3-30-2015 4:30,27.4
3-30-2015 5:00,29.8
3-30-2015 5:30,30.4
3-30-2015 6:00,28.6
3-30-2015 6:30,27.8
3-30-2015 7:00,31.2
3-30-2015 7:30,31.6
3-30-2015 8:00,27
3-30-2015 8:30,23.2
3-30-2015 9:00,15.8
3-30-2015 9:30,11.2
3-30-2015 10:00,10.4
3-30-2015 10:30,11.4
3-30-2015 11:00,13.8
3-30-2015 11:30,11.2
3-30-2015 12:00,16.4
3-30-2015 12:30,13.4
3-30-2015 13:00,13
3-30-2015 13:30,19.6
3-30-2015 14:00,19.2
3-30-2015 14:30,19.8
3-30-2015 15:00,18
3-30-2015 15:30,17.2
3-30-2015 16:00,11.8
3-30-2015 16:30,15.4
3-30-2015 17:00,22
3-30-2015 17:30,21.2
3-30-2015 18:00,25
3-30-2015 18:30,26.4
3-30-2015 19:00,31.4
3-30-2015 19:30,34
3-30-2015 20:00,38.8
3-30-2015 20:30,43.6
3-30-2015 21:00,41.6
3-30-2015 21:30,41.4
3-30-2015 22:00,37
3-30-2015 22:30,33
3-30-2015 23:00,32
3-30-2015 23:30,33.4
4-1-2015 0:00,26.2
4-1-2015 0:30,25
4-1-2015 1:00,25.8
4-1-2015 1:30,24.4
4-1-2015 2:00,24.4
4-1-2015 2:30,26.4
4-1-2015 3:00,24.2
4-1-2015 3:30,23.2
4-1-2015 4:00,24.2
4-1-2015 4:30,26.2
4-1-2015 5:00,27.8
4-1-2015 5:30,27.2
4-1-2015 6:00,28.8
4-1-2015 6:30,26.4
4-1-2015 7:00,27.6
4-1-2015 7:30,26.6
4-1-2015 8:00,23.6
4-1-2015 8:30,18
4-1-2015 9:00,15.2
4-1-2015 9:30,13.6
4-1-2015 10:00,11.4
4-1-2015 10:30,11.2
4-1-2015 11:00,14
4-1-2015 11:30,15.6
4-1-2015 12:00,18.4
4-1-2015 12:30,19.4
4-1-2015 13:00,21.8
4-1-2015 13:30,21.2
4-1-2015 14:00,21.4
4-1-2015 14:30,20
4-1-2015 15:00,18.8
4-1-2015 15:30,17
4-1-2015 16:00,14
4-1-2015 16:30,13.4
4-1-2015 17:00,12.8
4-1-2015 17:30,14.2
4-1-2015 18:00,17.2
4-1-2015 18:30,21.8
4-1-2015 19:00,27.8
4-1-2015 19:30,30.2
4-1-2015 20:00,35.4
4-1-2015 20:30,39.2
4-1-2015 21:00,43
4-1-2015 21:30,40
4-1-2015 22:00,35.2
4-1-2015 22:30,33
4-1-2015 23:00,31
4-1-2015 23:30,28.8
4-2-2015 0:00,26.6
4-2-2015 0:30,24.8
4-2-2015 1:00,25
4-2-2015 1:30,23.8
4-2-2015 2:00,24.4
4-2-2015 2:30,26.6
4-2-2015 3:00,26.2
4-2-2015 3:30,23.6
4-2-2015 4:00,26.2
4-2-2015 4:30,24.4
4-2-2015 5:00,26.6
4-2-2015 5:30,24
4-2-2015 6:00,26.4
4-2-2015 6:30,25.8
4-2-2015 7:00,28.4
4-2-2015 7:30,23.8
4-2-2015 8:00,24.8
4-2-2015 8:30,21.2
4-2-2015 9:00,26.4
4-2-2015 9:30,26
4-2-2015 10:00,14.6
4-2-2015 10:30,18.4
4-2-2015 11:00,18.2
4-2-2015 11:30,12
4-2-2015 12:00,10
4-2-2015 12:30,16.4
4-2-2015 13:00,10
4-2-2015 13:30,18.2
4-2-2015 14:00,17
4-2-2015 14:30,18.2
4-2-2015 15:00,18
4-2-2015 15:30,14.8
4-2-2015 16:00,14
4-2-2015 16:30,9.8
4-2-2015 17:00,8.8
4-2-2015 17:30,11.8
4-2-2015 18:00,15.2
4-2-2015 18:30,24.6
4-2-2015 19:00,29.2
4-2-2015 19:30,31
4-2-2015 20:00,35.6
4-2-2015 20:30,42.2
4-2-2015 21:00,40
4-2-2015 21:30,42.8
4-2-2015 22:00,37.4
4-2-2015 22:30,34.8
4-2-2015 23:00,32.6
4-2-2015 23:30,28.6
4-4-2015 0:00,29
4-4-2015 0:30,30.4
4-4-2015 1:00,29.2
4-4-2015 1:30,24.8
4-4-2015 2:00,28
4-4-2015 2:30,25.8
4-4-2015 3:00,26.8
4-4-2015 3:30,27.6
4-4-2015 4:00,26.6
4-4-2015 4:30,26.8
4-4-2015 5:00,28.6
4-4-2015 5:30,29.8
4-4-2015 6:00,28
4-4-2015 6:30,30.2
4-4-2015 7:00,29.2
4-4-2015 7:30,26.6
4-4-2015 8:00,25.2
4-4-2015 8:30,25.2
4-4-2015 9:00,25.2
4-4-2015 9:30,14.6
4-4-2015 10:00,10.6
4-4-2015 10:30,10.4
4-4-2015 11:00,12.4
4-4-2015 11:30,16
4-4-2015 12:00,17
4-4-2015 12:30,14.4
4-4-2015 13:00,20
4-4-2015 13:30,17.8
4-4-2015 14:00,19.2
4-4-2015 14:30,19.8
4-4-2015 15:00,15.8
4-4-2015 15:30,15
4-4-2015 16:00,11.6
4-4-2015 16:30,9
4-4-2015 17:00,10.2
4-4-2015 17:30,17.2
4-4-2015 18:00,18.4
4-4-2015 18:30,25.2
4-4-2015 19:00,32.4
4-4-2015 19:30,35.8
4-4-2015 20:00,40.8
4-4-2015 20:30,47.6
4-4-2015 21:00,45
4-4-2015 21:30,45
4-4-2015 22:00,39.2
4-4-2015 22:30,36.6
4-4-2015 23:00,36.4
4-4-2015 23:30,35
4-5-2015 0:00,30.4
4-5-2015 0:30,32.4
4-5-2015 1:00,30.4
4-5-2015 1:30,27
4-5-2015 2:00,28
4-5-2015 2:30,29.4
4-5-2015 3:00,27
4-5-2015 3:30,25.4
4-5-2015 4:00,26.2
4-5-2015 4:30,27.8
4-5-2015 5:00,26.6
4-5-2015 5:30,31
4-5-2015 6:00,29.2
4-5-2015 6:30,27.6
4-5-2015 7:00,28
4-5-2015 7:30,25.4
4-5-2015 8:00,27.8
4-5-2015 8:30,27.8
4-5-2015 9:00,27.2
4-5-2015 9:30,25.4
4-5-2015 10:00,26.2
4-5-2015 10:30,18.6
4-5-2015 11:00,13.6
4-5-2015 11:30,11.6
4-5-2015 12:00,12.4
4-5-2015 12:30,14.2
4-5-2015 13:00,20.6
4-5-2015 13:30,11.4
4-5-2015 14:00,14
4-5-2015 14:30,22
4-5-2015 15:00,25.6
4-5-2015 15:30,14.4
4-5-2015 16:00,15.2
4-5-2015 16:30,17.8
4-5-2015 17:00,20
4-5-2015 17:30,18.4
4-5-2015 18:00,28
4-5-2015 18:30,30.2
4-5-2015 19:00,27.8
4-5-2015 19:30,31.8
4-5-2015 20:00,35.8
4-5-2015 20:30,42.6
4-5-2015 21:00,40.4
4-5-2015 21:30,40.4
4-5-2015 22:00,39.8
4-5-2015 22:30,37.4
4-5-2015 23:00,34.6
4-5-2015 23:30,32
4-7-2015 0:00,30.2
4-7-2015 0:30,26.6
4-7-2015 1:00,27.4
4-7-2015 1:30,26.2
4-7-2015 2:00,27.2
4-7-2015 2:30,27.4
4-7-2015 3:00,27.2
4-7-2015 3:30,27
4-7-2015 4:00,24.6
4-7-2015 4:30,26.2
4-7-2015 5:00,27.4
4-7-2015 5:30,26.8
4-7-2015 6:00,27
4-7-2015 6:30,30
4-7-2015 7:00,29.6
4-7-2015 7:30,28.6
4-7-2015 8:00,29.6
4-7-2015 8:30,24.2
4-7-2015 9:00,18.6
4-7-2015 9:30,15.4
4-7-2015 10:00,12.6
4-7-2015 10:30,13.6
4-7-2015 11:00,13.4
4-7-2015 11:30,13.2
4-7-2015 12:00,20.8
4-7-2015 12:30,25.8
4-7-2015 13:00,27
4-7-2015 13:30,25.6
4-7-2015 14:00,13.8
4-7-2015 14:30,25.2
4-7-2015 15:00,23
4-7-2015 15:30,14.2
4-7-2015 16:00,19.2
4-7-2015 16:30,23.2
4-7-2015 17:00,27.4
4-7-2015 17:30,30.6
4-7-2015 18:00,34
4-7-2015 18:30,35.6
4-7-2015 19:00,36.6
4-7-2015 19:30,38.2
4-7-2015 20:00,43
4-7-2015 20:30,47.4
4-7-2015 21:00,45
4-7-2015 21:30,41.8
4-7-2015 22:00,41.2
4-7-2015 22:30,39.6
4-7-2015 23:00,37.6
4-7-2015 23:30,34
4-8-2015 0:00,31.4
4-8-2015 0:30,29.6
4-8-2015 1:00,28.2
4-8-2015 1:30,27.6
4-8-2015 2:00,28
4-8-2015 2:30,28.2
4-8-2015 3:00,27.8
4-8-2015 3:30,28.6
4-8-2015 4:00,29.6
4-8-2015 4:30,29.8
4-8-2015 5:00,31.6
4-8-2015 5:30,31.6
4-8-2015 6:00,29.4
4-8-2015 6:30,30.8
4-8-2015 7:00,31
4-8-2015 7:30,34.4
4-8-2015 8:00,36.2
4-8-2015 8:30,35.4
4-8-2015 9:00,34.2
4-8-2015 9:30,31.8
4-8-2015 10:00,36.2
4-8-2015 10:30,37.6
4-8-2015 11:00,41.8
4-8-2015 11:30,36.2
4-8-2015 12:00,42.8
4-8-2015 12:30,45.2
4-8-2015 13:00,37.4
4-8-2015 13:30,38.2
4-8-2015 14:00,34.6
4-8-2015 14:30,33.6
4-8-2015 15:00,35.4
4-8-2015 15:30,37.2
4-8-2015 16:00,35.4
4-8-2015 16:30,35.6
4-8-2015 17:00,25.8
4-8-2015 17:30,36
4-8-2015 18:00,35.6
4-8-2015 18:30,36.6
4-8-2015 19:00,40.6
4-8-2015 19:30,43.2
4-8-2015 20:00,45.8
4-8-2015 20:30,48.4
4-8-2015 21:00,49.4
4-8-2015 21:30,49
4-8-2015 22:00,46.8
4-8-2015 22:30,45.4
4-8-2015 23:00,40.8
4-8-2015 23:30,39.6
4-9-2015 0:00,37.8
4-9-2015 0:30,35.2
4-9-2015 1:00,32.6
4-9-2015 1:30,31
4-9-2015 2:00,32
4-9-2015 2:30,28.6
4-9-2015 3:00,30
4-9-2015 3:30,27.8
4-9-2015 4:00,30.6
4-9-2015 4:30,28.8
4-9-2015 5:00,29.6
4-9-2015 5:30,31.2
4-9-2015 6:00,33.6
4-9-2015 6:30,31.8
4-9-2015 7:00,32.8
4-9-2015 7:30,34.4
4-9-2015 8:00,37.6
4-9-2015 8:30,39.8
4-9-2015 9:00,35.4
4-9-2015 9:30,44.6
4-9-2015 10:00,45.8
4-9-2015 10:30,43.2
4-9-2015 11:00,44.8
4-9-2015 11:30,41.8
4-9-2015 12:00,46
4-9-2015 12:30,30.6
4-9-2015 13:00,36.6
4-9-2015 13:30,32.6
4-9-2015 14:00,35
4-9-2015 14:30,25
4-9-2015 15:00,25.4
4-9-2015 15:30,24.6
4-9-2015 16:00,17.2
4-9-2015 16:30,19.6
4-9-2015 17:00,22
4-9-2015 17:30,33.2
4-9-2015 18:00,31.6
4-9-2015 18:30,30.8
4-9-2015 19:00,37.8
4-9-2015 19:30,44.6
4-9-2015 20:00,44.6
4-9-2015 20:30,48.8
4-9-2015 21:00,46.6
4-9-2015 21:30,48
4-9-2015 22:00,45.6
4-9-2015 22:30,46.2
4-9-2015 23:00,45.6
4-9-2015 23:30,43
4-10-2015 0:00,39.6
4-10-2015 0:30,39.4
4-10-2015 1:00,36.6
4-10-2015 1:30,32
4-10-2015 2:00,32.8
4-10-2015 2:30,33.6
4-10-2015 3:00,33.2
4-10-2015 3:30,32.4
4-10-2015 4:00,33.6
4-10-2015 4:30,34.6
4-10-2015 5:00,35.4
4-10-2015 5:30,32.4
4-10-2015 6:00,35.8
4-10-2015 6:30,35
4-10-2015 7:00,32.4
4-10-2015 7:30,31
4-10-2015 8:00,34.2
4-10-2015 8:30,26
4-10-2015 9:00,20.6
4-10-2015 9:30,15
4-10-2015 10:00,11.6
4-10-2015 10:30,8.2
4-10-2015 11:00,11.4
4-10-2015 11:30,12.6
4-10-2015 12:00,13
4-10-2015 12:30,15.2
4-10-2015 13:00,14.8
4-10-2015 13:30,15.2
4-10-2015 14:00,14
4-10-2015 14:30,14.4
4-10-2015 15:00,13.6
4-10-2015 15:30,11.6
4-10-2015 16:00,10
4-10-2015 16:30,10.4
4-10-2015 17:00,13.2
4-10-2015 17:30,16.4
4-10-2015 18:00,20.8
4-10-2015 18:30,27.4
4-10-2015 19:00,32.6
4-10-2015 19:30,37.2
4-10-2015 20:00,38.8
4-10-2015 20:30,50.8
4-10-2015 21:00,46.2
4-10-2015 21:30,44.4
4-10-2015 22:00,47.4
4-10-2015 22:30,45.6
4-10-2015 23:00,45.2
4-10-2015 23:30,43.8
4-11-2015 0:00,38.4
4-11-2015 0:30,38.6
4-11-2015 1:00,35.8
4-11-2015 1:30,33.8
4-11-2015 2:00,33.6
4-11-2015 2:30,31.4
4-11-2015 3:00,33.6
4-11-2015 3:30,35.8
4-11-2015 4:00,37.4
4-11-2015 4:30,36
4-11-2015 5:00,34.6
4-11-2015 5:30,35.8
4-11-2015 6:00,34.4
4-11-2015 6:30,39.4
4-11-2015 7:00,36
4-11-2015 7:30,34.6
4-11-2015 8:00,34.2
4-11-2015 8:30,29.4
4-11-2015 9:00,24.6
4-11-2015 9:30,19.8
4-11-2015 10:00,14.2
4-11-2015 10:30,13.2
4-11-2015 11:00,13.8
4-11-2015 11:30,12.2
4-11-2015 12:00,11.2
4-11-2015 12:30,13
4-11-2015 13:00,13.2
4-11-2015 13:30,13.4
4-11-2015 14:00,14.8
4-11-2015 14:30,15.2
4-11-2015 15:00,13.2
4-11-2015 15:30,15
4-11-2015 16:00,15.4
4-11-2015 16:30,17
4-11-2015 17:00,19.8
4-11-2015 17:30,24.4
4-11-2015 18:00,28.8
4-11-2015 18:30,34.4
4-11-2015 19:00,39.8
4-11-2015 19:30,48.8
4-11-2015 20:00,55.8
4-11-2015 20:30,67.2
4-11-2015 21:00,64.6
4-11-2015 21:30,62.4
4-11-2015 22:00,59.8
4-11-2015 22:30,56
4-11-2015 23:00,54.4
4-11-2015 23:30,50
4-12-2015 0:00,47.8
4-12-2015 0:30,46
4-12-2015 1:00,42.8
4-12-2015 1:30,42.2
4-12-2015 2:00,40
4-12-2015 2:30,40.8
4-12-2015 3:00,35.2
4-12-2015 3:30,35.2
4-12-2015 4:00,35
4-12-2015 4:30,33.4
4-12-2015 5:00,33.2
4-12-2015 5:30,35.4
4-12-2015 6:00,37
4-12-2015 6:30,37.4
4-12-2015 7:00,33.4
4-12-2015 7:30,35.2
4-12-2015 8:00,28.4
4-12-2015 8:30,21.6
4-12-2015 9:00,17.4
4-12-2015 9:30,14.6
4-12-2015 10:00,13
4-12-2015 10:30,10.2
4-12-2015 11:00,11.8
4-12-2015 11:30,12.2
4-12-2015 12:00,14.6
4-12-2015 12:30,16.8
4-12-2015 13:00,19
4-12-2015 13:30,19.8
4-12-2015 14:00,20.4
4-12-2015 14:30,19
4-12-2015 15:00,14.2
4-12-2015 15:30,12.2
4-12-2015 16:00,10.6
4-12-2015 16:30,11.4
4-12-2015 17:00,10.6
4-12-2015 17:30,12.2
4-12-2015 18:00,18.2
4-12-2015 18:30,23
4-12-2015 19:00,24.6
4-12-2015 19:30,27.2
4-12-2015 20:00,36.8
4-12-2015 20:30,45.6
4-12-2015 21:00,43.8
4-12-2015 21:30,43.8
4-12-2015 22:00,42.8
4-12-2015 22:30,38.6
4-12-2015 23:00,38.2
4-12-2015 23:30,35.2
4-13-2015 0:00,34
4-13-2015 0:30,34.2
4-13-2015 1:00,34.8
4-13-2015 1:30,31.4
4-13-2015 2:00,30.4
4-13-2015 2:30,31.8
4-13-2015 3:00,32.6
4-13-2015 3:30,30.2
4-13-2015 4:00,29
4-13-2015 4:30,30.8
4-13-2015 5:00,29.6
4-13-2015 5:30,32.6
4-13-2015 6:00,33
4-13-2015 6:30,33.6
4-13-2015 7:00,28.8
4-13-2015 7:30,25.8
4-13-2015 8:00,23
4-13-2015 8:30,18
4-13-2015 9:00,15.4
4-13-2015 9:30,15.8
4-13-2015 10:00,10.8
4-13-2015 10:30,9.6
4-13-2015 11:00,12.4
4-13-2015 11:30,14.8
4-13-2015 12:00,16.2
4-13-2015 12:30,19.2
4-13-2015 13:00,16.4
4-13-2015 13:30,17.2
4-13-2015 14:00,17
4-13-2015 14:30,15.8
4-13-2015 15:00,15.6
4-13-2015 15:30,14.8
4-13-2015 16:00,12.8
4-13-2015 16:30,9.4
4-13-2015 17:00,13.8
4-13-2015 17:30,14.6
4-13-2015 18:00,14.8
4-13-2015 18:30,23.8
4-13-2015 19:00,27.6
4-13-2015 19:30,34.8
4-13-2015 20:00,33.8
4-13-2015 20:30,41.2
4-13-2015 21:00,43.2
4-13-2015 21:30,40.4
4-13-2015 22:00,40.4
4-13-2015 22:30,36.8
4-13-2015 23:00,36.6
4-13-2015 23:30,32.4
4-14-2015 0:00,31
4-14-2015 0:30,30.6
4-14-2015 1:00,28
4-14-2015 1:30,29
4-14-2015 2:00,27.8
4-14-2015 2:30,26.8
4-14-2015 3:00,26.2
4-14-2015 3:30,24.8
4-14-2015 4:00,24.6
4-14-2015 4:30,27
4-14-2015 5:00,29.8
4-14-2015 5:30,29.8
4-14-2015 6:00,27.4
4-14-2015 6:30,30
4-14-2015 7:00,23.6
4-14-2015 7:30,21.6
4-14-2015 8:00,23
4-14-2015 8:30,19.4
4-14-2015 9:00,16
4-14-2015 9:30,13.6
4-14-2015 10:00,15
4-14-2015 10:30,13.8
4-14-2015 11:00,15.8
4-14-2015 11:30,17
4-14-2015 12:00,18
4-14-2015 12:30,17.4
4-14-2015 13:00,16.2
4-14-2015 13:30,17.6
4-14-2015 14:00,19.2
4-14-2015 14:30,18.4
4-14-2015 15:00,17.8
4-14-2015 15:30,13
4-14-2015 16:00,11.2
4-14-2015 16:30,12.2
4-14-2015 17:00,16.6
4-14-2015 17:30,18.4
4-14-2015 18:00,21.6
4-14-2015 18:30,25.2
4-14-2015 19:00,28.4
4-14-2015 19:30,30.6
4-14-2015 20:00,35.2
4-14-2015 20:30,39.8
4-14-2015 21:00,41
4-14-2015 21:30,38.6
4-14-2015 22:00,35.4
4-14-2015 22:30,36
4-14-2015 23:00,34.2
4-14-2015 23:30,30
4-15-2015 0:00,29.4
4-15-2015 0:30,27.6
4-15-2015 1:00,26.4
4-15-2015 1:30,27
4-15-2015 2:00,25.2
4-15-2015 2:30,25.6
4-15-2015 3:00,27.2
4-15-2015 3:30,26.8
4-15-2015 4:00,25.6
4-15-2015 4:30,25.4
4-15-2015 5:00,29.2
4-15-2015 5:30,27.8
4-15-2015 6:00,28.8
4-15-2015 6:30,29
4-15-2015 7:00,25.6
4-15-2015 7:30,24
4-15-2015 8:00,24.8
4-15-2015 8:30,27
4-15-2015 9:00,21.8
4-15-2015 9:30,18.6
4-15-2015 10:00,17.6
4-15-2015 10:30,14.6
4-15-2015 11:00,13.2
4-15-2015 11:30,15
4-15-2015 12:00,15.8
4-15-2015 12:30,18.4
4-15-2015 13:00,18.4
4-15-2015 13:30,20.2
4-15-2015 14:00,19.6
4-15-2015 14:30,19.6
4-15-2015 15:00,18.2
4-15-2015 15:30,14.8
4-15-2015 16:00,13.6
4-15-2015 16:30,12.4
4-15-2015 17:00,14.4
4-15-2015 17:30,15
4-15-2015 18:00,16.6
4-15-2015 18:30,23.2
4-15-2015 19:00,28
4-15-2015 19:30,30.6
4-15-2015 20:00,35.4
4-15-2015 20:30,43.4
4-15-2015 21:00,46.6
4-15-2015 21:30,37.8
4-15-2015 22:00,37.6
4-15-2015 22:30,33.8
4-15-2015 23:00,30
4-15-2015 23:30,31.2
4-16-2015 0:00,30
4-16-2015 0:30,28.4
4-16-2015 1:00,26.6
4-16-2015 1:30,24.4
4-16-2015 2:00,24.8
4-16-2015 2:30,26
4-16-2015 3:00,25.4
4-16-2015 3:30,24.2
4-16-2015 4:00,25.6
4-16-2015 4:30,25.2
4-16-2015 5:00,25.8
4-16-2015 5:30,27.2
4-16-2015 6:00,30
4-16-2015 6:30,29.4
4-16-2015 7:00,25.2
4-16-2015 7:30,26
4-16-2015 8:00,21.6
4-16-2015 8:30,20.4
4-16-2015 9:00,15.2
4-16-2015 9:30,14.2
4-16-2015 10:00,13.4
4-16-2015 10:30,13
4-16-2015 11:00,16
4-16-2015 11:30,17.6
4-16-2015 12:00,18.8
4-16-2015 12:30,19.2
4-16-2015 13:00,18.4
4-16-2015 13:30,19.8
4-16-2015 14:00,19.8
4-16-2015 14:30,19.2
4-16-2015 15:00,18
4-16-2015 15:30,17.2
4-16-2015 16:00,13.4
4-16-2015 16:30,9.8
4-16-2015 17:00,9.2
4-16-2015 17:30,16
4-16-2015 18:00,16.8
4-16-2015 18:30,25
4-16-2015 19:00,29
4-16-2015 19:30,33.4
4-16-2015 20:00,35
4-16-2015 20:30,40
4-16-2015 21:00,42.6
4-16-2015 21:30,39.2
4-16-2015 22:00,38.8
4-16-2015 22:30,36.4
4-16-2015 23:00,33.8
4-16-2015 23:30,32.4
4-17-2015 0:00,32.8
4-17-2015 0:30,29.4
4-17-2015 1:00,28.6
4-17-2015 1:30,27.2
4-17-2015 2:00,28.4
4-17-2015 2:30,25.8
4-17-2015 3:00,28.2
4-17-2015 3:30,28.2
4-17-2015 4:00,26.2
4-17-2015 4:30,25
4-17-2015 5:00,29
4-17-2015 5:30,28.6
4-17-2015 6:00,26.8
4-17-2015 6:30,28.2
4-17-2015 7:00,23.4
4-17-2015 7:30,24.8
4-17-2015 8:00,21.6
4-17-2015 8:30,17.2
4-17-2015 9:00,13.8
4-17-2015 9:30,14.2
4-17-2015 10:00,13.2
4-17-2015 10:30,14.6
4-17-2015 11:00,15.8
4-17-2015 11:30,16.8
4-17-2015 12:00,17.2
4-17-2015 12:30,19.2
4-17-2015 13:00,19.4
4-17-2015 13:30,19.6
4-17-2015 14:00,19.2
4-17-2015 14:30,20.4
4-17-2015 15:00,19.4
4-17-2015 15:30,18.6
4-17-2015 16:00,16
4-17-2015 16:30,13.8
4-17-2015 17:00,10.4
4-17-2015 17:30,14
4-17-2015 18:00,17.4
4-17-2015 18:30,23.6
4-17-2015 19:00,29.2
4-17-2015 19:30,33.8
4-17-2015 20:00,34.8
4-17-2015 20:30,39.8
4-17-2015 21:00,39.8
4-17-2015 21:30,40.2
4-17-2015 22:00,33
4-17-2015 22:30,32.2
4-17-2015 23:00,32.6
4-17-2015 23:30,30.8
4-18-2015 0:00,27.2
4-18-2015 0:30,25.8
4-18-2015 1:00,25
4-18-2015 1:30,25.2
4-18-2015 2:00,27.2
4-18-2015 2:30,25.8
4-18-2015 3:00,25.6
4-18-2015 3:30,26
4-18-2015 4:00,22.4
4-18-2015 4:30,25
4-18-2015 5:00,26.6
4-18-2015 5:30,25.6
4-18-2015 6:00,29.4
4-18-2015 6:30,23.2
4-18-2015 7:00,24.4
4-18-2015 7:30,24
4-18-2015 8:00,27.8
4-18-2015 8:30,28.8
4-18-2015 9:00,26
4-18-2015 9:30,23
4-18-2015 10:00,22.4
4-18-2015 10:30,25.6
4-18-2015 11:00,18.8
4-18-2015 11:30,19.4
4-18-2015 12:00,18
4-18-2015 12:30,21.4
4-18-2015 13:00,18
4-18-2015 13:30,12.8
4-18-2015 14:00,19.6
4-18-2015 14:30,18.8
4-18-2015 15:00,18.8
4-18-2015 15:30,17
4-18-2015 16:00,15.4
4-18-2015 16:30,12.8
4-18-2015 17:00,13.8
4-18-2015 17:30,16.4
4-18-2015 18:00,23
4-18-2015 18:30,26.4
4-18-2015 19:00,30
4-18-2015 19:30,31.6
4-18-2015 20:00,31.6
4-18-2015 20:30,39.8
4-18-2015 21:00,36.8
4-18-2015 21:30,36.6
4-18-2015 22:00,33
4-18-2015 22:30,32.2
4-18-2015 23:00,31.8
4-18-2015 23:30,30.4
4-19-2015 0:00,29.8
4-19-2015 0:30,27.6
4-19-2015 1:00,27
4-19-2015 1:30,26
4-19-2015 2:00,27.6
4-19-2015 2:30,25.8
4-19-2015 3:00,25.4
4-19-2015 3:30,24.6
4-19-2015 4:00,24.4
4-19-2015 4:30,24.6
4-19-2015 5:00,24.6
4-19-2015 5:30,26.4
4-19-2015 6:00,23.6
4-19-2015 6:30,24
4-19-2015 7:00,22.2
4-19-2015 7:30,24.2
4-19-2015 8:00,21.2
4-19-2015 8:30,19
4-19-2015 9:00,14.2
4-19-2015 9:30,14
4-19-2015 10:00,13.2
4-19-2015 10:30,14
4-19-2015 11:00,15.2
4-19-2015 11:30,15.2
4-19-2015 12:00,17.2
4-19-2015 12:30,17.4
4-19-2015 13:00,18.8
4-19-2015 13:30,18.4
4-19-2015 14:00,21.2
4-19-2015 14:30,17.2
4-19-2015 15:00,10.8
4-19-2015 15:30,12.6
4-19-2015 16:00,16.8
4-19-2015 16:30,21
4-19-2015 17:00,23
4-19-2015 17:30,30.2
4-19-2015 18:00,28.8
4-19-2015 18:30,26
4-19-2015 19:00,30.6
4-19-2015 19:30,29.6
4-19-2015 20:00,32.8
4-19-2015 20:30,36.6
4-19-2015 21:00,36.2
4-19-2015 21:30,35.6
4-19-2015 22:00,35
4-19-2015 22:30,33.6
4-19-2015 23:00,31.8
4-19-2015 23:30,29.4
4-20-2015 0:00,26.6
4-20-2015 0:30,26
4-20-2015 1:00,25.4
4-20-2015 1:30,25.2
4-20-2015 2:00,24.2
4-20-2015 2:30,22.8
4-20-2015 3:00,23
4-20-2015 3:30,23.4
4-20-2015 4:00,24.6
4-20-2015 4:30,26
4-20-2015 5:00,25
4-20-2015 5:30,27.2
4-20-2015 6:00,26.6
4-20-2015 6:30,24.6
4-20-2015 7:00,27.8
4-20-2015 7:30,28.8
4-20-2015 8:00,29
4-20-2015 8:30,26.8
4-20-2015 9:00,28.8
4-20-2015 9:30,29.6
4-20-2015 10:00,27.6
4-20-2015 10:30,20.6
4-20-2015 11:00,23.2
4-20-2015 11:30,29
4-20-2015 12:00,30.2
4-20-2015 12:30,21.2
4-20-2015 13:00,16.4
4-20-2015 13:30,24
4-20-2015 14:00,15.4
4-20-2015 14:30,19.4
4-20-2015 15:00,11
4-20-2015 15:30,14.2
4-20-2015 16:00,11.8
4-20-2015 16:30,12.8
4-20-2015 17:00,17
4-20-2015 17:30,17
4-20-2015 18:00,19.4
4-20-2015 18:30,25.2
4-20-2015 19:00,31.4
4-20-2015 19:30,33.4
4-20-2015 20:00,35.6
4-20-2015 20:30,43.4
4-20-2015 21:00,39
4-20-2015 21:30,39.8
4-20-2015 22:00,35.6
4-20-2015 22:30,34.8
4-20-2015 23:00,30
4-20-2015 23:30,28.4
4-21-2015 0:00,26.2
4-21-2015 0:30,25.6
4-21-2015 1:00,23.8
4-21-2015 1:30,23.8
4-21-2015 2:00,24.6
4-21-2015 2:30,26.2
4-21-2015 3:00,25.8
4-21-2015 3:30,25
4-21-2015 4:00,24
4-21-2015 4:30,24.2
4-21-2015 5:00,27
4-21-2015 5:30,25.2
4-21-2015 6:00,23.8
4-21-2015 6:30,24.2
4-21-2015 7:00,23.8
4-21-2015 7:30,23.2
4-21-2015 8:00,22.2
4-21-2015 8:30,22
4-21-2015 9:00,21.4
4-21-2015 9:30,23
4-21-2015 10:00,25.2
4-21-2015 10:30,14
4-21-2015 11:00,17.4
4-21-2015 11:30,16.6
4-21-2015 12:00,14.4
4-21-2015 12:30,13.6
4-21-2015 13:00,19.4
4-21-2015 13:30,13
4-21-2015 14:00,19
4-21-2015 14:30,15.4
4-21-2015 15:00,10.6
4-21-2015 15:30,16.6
4-21-2015 16:00,10.4
4-21-2015 16:30,9.2
4-21-2015 17:00,10.6
4-21-2015 17:30,14.8
4-21-2015 18:00,17.8
4-21-2015 18:30,26.2
4-21-2015 19:00,33.8
4-21-2015 19:30,33.2
4-21-2015 20:00,34.6
4-21-2015 20:30,43.6
4-21-2015 21:00,45.4
4-21-2015 21:30,38.6
4-21-2015 22:00,37
4-21-2015 22:30,34.6
4-21-2015 23:00,33
4-21-2015 23:30,29.8
4-22-2015 0:00,29.4
4-22-2015 0:30,27.4
4-22-2015 1:00,26.4
4-22-2015 1:30,26.6
4-22-2015 2:00,24.8
4-22-2015 2:30,24.2
4-22-2015 3:00,26.4
4-22-2015 3:30,27
4-22-2015 4:00,25.8
4-22-2015 4:30,25
4-22-2015 5:00,25
4-22-2015 5:30,28
4-22-2015 6:00,28.2
4-22-2015 6:30,23.4
4-22-2015 7:00,26
4-22-2015 7:30,27.4
4-22-2015 8:00,25.4
4-22-2015 8:30,21.6
4-22-2015 9:00,18.4
4-22-2015 9:30,17
4-22-2015 10:00,18.8
4-22-2015 10:30,17.2
4-22-2015 11:00,17.8
4-22-2015 11:30,18.2
4-22-2015 12:00,17.4
4-22-2015 12:30,18.8
4-22-2015 13:00,21
4-22-2015 13:30,20.4
4-22-2015 14:00,22.2
4-22-2015 14:30,19.2
4-22-2015 15:00,16.8
4-22-2015 15:30,15.2
4-22-2015 16:00,14.8
4-22-2015 16:30,19.2
4-22-2015 17:00,19.8
4-22-2015 17:30,17.6
4-22-2015 18:00,28
4-22-2015 18:30,31.8
4-22-2015 19:00,33.6
4-22-2015 19:30,35.8
4-22-2015 20:00,40.8
4-22-2015 20:30,46.6
4-22-2015 21:00,46.2
4-22-2015 21:30,41.2
4-22-2015 22:00,39.8
4-22-2015 22:30,35.2
4-22-2015 23:00,33.6
4-22-2015 23:30,31.2
4-23-2015 0:00,30.4
4-23-2015 0:30,29.8
4-23-2015 1:00,28.4
4-23-2015 1:30,27.2
4-23-2015 2:00,25.6
4-23-2015 2:30,26
4-23-2015 3:00,25.4
4-23-2015 3:30,26.6
4-23-2015 4:00,27
4-23-2015 4:30,26.6
4-23-2015 5:00,29.2
4-23-2015 5:30,26.8
4-23-2015 6:00,27.2
4-23-2015 6:30,27
4-23-2015 7:00,26.6
4-23-2015 7:30,27.2
4-23-2015 8:00,29.6
4-23-2015 8:30,21.4
4-23-2015 9:00,25.6
4-23-2015 9:30,22.2
4-23-2015 10:00,18.2
4-23-2015 10:30,18
4-23-2015 11:00,17.4
4-23-2015 11:30,19
4-23-2015 12:00,17.4
4-23-2015 12:30,19
4-23-2015 13:00,19.2
4-23-2015 13:30,19.4
4-23-2015 14:00,21
4-23-2015 14:30,20.6
4-23-2015 15:00,18.4
4-23-2015 15:30,15.6
4-23-2015 16:00,13.6
4-23-2015 16:30,11
4-23-2015 17:00,16.2
4-23-2015 17:30,14.4
4-23-2015 18:00,17.6
4-23-2015 18:30,24.4
4-23-2015 19:00,34.8
4-23-2015 19:30,39
4-23-2015 20:00,41
4-23-2015 20:30,46.8
4-23-2015 21:00,44
4-23-2015 21:30,44.8
4-23-2015 22:00,41.2
4-23-2015 22:30,37.8
4-23-2015 23:00,35.8
4-23-2015 23:30,32.2
4-24-2015 0:00,31.6
4-24-2015 0:30,30
4-24-2015 1:00,29.6
4-24-2015 1:30,28.2
4-24-2015 2:00,29.4
4-24-2015 2:30,28.4
4-24-2015 3:00,28.2
4-24-2015 3:30,28.2
4-24-2015 4:00,27.8
4-24-2015 4:30,23.8
4-24-2015 5:00,25.4
4-24-2015 5:30,24.4
4-24-2015 6:00,25.4
4-24-2015 6:30,23.4
4-24-2015 7:00,23.6
4-24-2015 7:30,24
4-24-2015 8:00,26.2
4-24-2015 8:30,28.2
4-24-2015 9:00,23.2
4-24-2015 9:30,18.2
4-24-2015 10:00,18
4-24-2015 10:30,19.4
4-24-2015 11:00,29.8
4-24-2015 11:30,15.4
4-24-2015 12:00,22
4-24-2015 12:30,19.6
4-24-2015 13:00,19
4-24-2015 13:30,19.8
4-24-2015 14:00,24.4
4-24-2015 14:30,17.6
4-24-2015 15:00,14.8
4-24-2015 15:30,18
4-24-2015 16:00,15.4
4-24-2015 16:30,12.8
4-24-2015 17:00,20.8
4-24-2015 17:30,26.2
4-24-2015 18:00,29
4-24-2015 18:30,24.4
4-24-2015 19:00,36.2
4-24-2015 19:30,40.6
4-24-2015 20:00,43.8
4-24-2015 20:30,49.6
4-24-2015 21:00,48
4-24-2015 21:30,44
4-24-2015 22:00,41
4-24-2015 22:30,37
4-24-2015 23:00,35.8
4-24-2015 23:30,32.6
4-25-2015 0:00,31
4-25-2015 0:30,29.6
4-25-2015 1:00,27.2
4-25-2015 1:30,26
4-25-2015 2:00,24.6
4-25-2015 2:30,26.4
4-25-2015 3:00,24.4
4-25-2015 3:30,26
4-25-2015 4:00,25.2
4-25-2015 4:30,25.2
4-25-2015 5:00,26.6
4-25-2015 5:30,27.8
4-25-2015 6:00,26.4
4-25-2015 6:30,22.6
4-25-2015 7:00,25.6
4-25-2015 7:30,21.4
4-25-2015 8:00,28
4-25-2015 8:30,34.6
4-25-2015 9:00,31.2
4-25-2015 9:30,34
4-25-2015 10:00,33.6
4-25-2015 10:30,29.4
4-25-2015 11:00,32.6
4-25-2015 11:30,37.2
4-25-2015 12:00,20.4
4-25-2015 12:30,14
4-25-2015 13:00,15.8
4-25-2015 13:30,17.4
4-25-2015 14:00,17.8
4-25-2015 14:30,16.2
4-25-2015 15:00,14.4
4-25-2015 15:30,20.2
4-25-2015 16:00,22.6
4-25-2015 16:30,20.6
4-25-2015 17:00,19
4-25-2015 17:30,21.8
4-25-2015 18:00,23.2
4-25-2015 18:30,31.4
4-25-2015 19:00,35.6
4-25-2015 19:30,41.2
4-25-2015 20:00,39.8
4-25-2015 20:30,51
4-25-2015 21:00,49.8
4-25-2015 21:30,48.2
4-25-2015 22:00,46
4-25-2015 22:30,41.8
4-25-2015 23:00,39.8
4-25-2015 23:30,37
4-26-2015 0:00,34
4-26-2015 0:30,32
4-26-2015 1:00,31
4-26-2015 1:30,30
4-26-2015 2:00,28.2
4-26-2015 2:30,31.6
4-26-2015 3:00,26.6
4-26-2015 3:30,26
4-26-2015 4:00,22.8
4-26-2015 4:30,24.4
4-26-2015 5:00,26.6
4-26-2015 5:30,26.4
4-26-2015 6:00,29
4-26-2015 6:30,27.8
4-26-2015 7:00,25.8
4-26-2015 7:30,21.6
4-26-2015 8:00,16.6
4-26-2015 8:30,12.6
4-26-2015 9:00,12.8
4-26-2015 9:30,13
4-26-2015 10:00,14
4-26-2015 10:30,14.4
4-26-2015 11:00,15.4
4-26-2015 11:30,17
4-26-2015 12:00,18
4-26-2015 12:30,18.4
4-26-2015 13:00,19
4-26-2015 13:30,20
4-26-2015 14:00,19.2
4-26-2015 14:30,17.8
4-26-2015 15:00,20.6
4-26-2015 15:30,15.8
4-26-2015 16:00,16.2
4-26-2015 16:30,16.4
4-26-2015 17:00,17.2
4-26-2015 17:30,18.8
4-26-2015 18:00,19.8
4-26-2015 18:30,27.6
4-26-2015 19:00,26
4-26-2015 19:30,31.8
4-26-2015 20:00,35.6
4-26-2015 20:30,45.2
4-26-2015 21:00,45.2
4-26-2015 21:30,42.6
4-26-2015 22:00,41.6
4-26-2015 22:30,33.4
4-26-2015 23:00,34.6
4-26-2015 23:30,32
4-27-2015 0:00,30.2
4-27-2015 0:30,30.2
4-27-2015 1:00,27.2
4-27-2015 1:30,24.8
4-27-2015 2:00,25.8
4-27-2015 2:30,26.4
4-27-2015 3:00,27
4-27-2015 3:30,25.8
4-27-2015 4:00,24.6
4-27-2015 4:30,25.2
4-27-2015 5:00,24.4
4-27-2015 5:30,25.6
4-27-2015 6:00,26.4
4-27-2015 6:30,24.6
4-27-2015 7:00,23.4
4-27-2015 7:30,24.4
4-27-2015 8:00,23.2
4-27-2015 8:30,21.8
4-27-2015 9:00,19.2
4-27-2015 9:30,18
4-27-2015 10:00,17.6
4-27-2015 10:30,17.2
4-27-2015 11:00,16.8
4-27-2015 11:30,17
4-27-2015 12:00,16.4
4-27-2015 12:30,17.4
4-27-2015 13:00,18.6
4-27-2015 13:30,20.2
4-27-2015 14:00,21
4-27-2015 14:30,18.6
4-27-2015 15:00,18.6
4-27-2015 15:30,17
4-27-2015 16:00,18.8
4-27-2015 16:30,20.4
4-27-2015 17:00,20.4
4-27-2015 17:30,28.8
4-27-2015 18:00,32.2
4-27-2015 18:30,30.2
4-27-2015 19:00,36.6
4-27-2015 19:30,44
4-27-2015 20:00,49.6
4-27-2015 20:30,58
4-27-2015 21:00,52.8
4-27-2015 21:30,50.4
4-27-2015 22:00,47.4
4-27-2015 22:30,44.6
4-27-2015 23:00,41
4-27-2015 23:30,35.8
4-28-2015 0:00,33.4
4-28-2015 0:30,33.4
4-28-2015 1:00,33.6
4-28-2015 1:30,31
4-28-2015 2:00,31.4
4-28-2015 2:30,31
4-28-2015 3:00,32.4
4-28-2015 3:30,30.6
4-28-2015 4:00,30
4-28-2015 4:30,29.2
4-28-2015 5:00,29.2
4-28-2015 5:30,29.6
4-28-2015 6:00,29.8
4-28-2015 6:30,22
4-28-2015 7:00,24.6
4-28-2015 7:30,26
4-28-2015 8:00,28.6
4-28-2015 8:30,22.4
4-28-2015 9:00,34.4
4-28-2015 9:30,31.6
4-28-2015 10:00,29.2
4-28-2015 10:30,18.4
4-28-2015 11:00,19
4-28-2015 11:30,19.2
4-28-2015 12:00,19.8
4-28-2015 12:30,19.6
4-28-2015 13:00,20.2
4-28-2015 13:30,19.2
4-28-2015 14:00,18.6
4-28-2015 14:30,20
4-28-2015 15:00,20.2
4-28-2015 15:30,18.2
4-28-2015 16:00,16
4-28-2015 16:30,16.2
4-28-2015 17:00,15.8
4-28-2015 17:30,25.4
4-28-2015 18:00,27.4
4-28-2015 18:30,31.6
4-28-2015 19:00,33
4-28-2015 19:30,38.2
4-28-2015 20:00,41.4
4-28-2015 20:30,45.4
4-28-2015 21:00,46
4-28-2015 21:30,44.8
4-28-2015 22:00,38.8
4-28-2015 22:30,35.4
4-28-2015 23:00,32.2
4-28-2015 23:30,29.6
4-29-2015 0:00,28.6
4-29-2015 0:30,30
4-29-2015 1:00,26.2
4-29-2015 1:30,26.8
4-29-2015 2:00,26.2
4-29-2015 2:30,26
4-29-2015 3:00,28.4
4-29-2015 3:30,25.2
4-29-2015 4:00,25.6
4-29-2015 4:30,26
4-29-2015 5:00,27.4
4-29-2015 5:30,25.6
4-29-2015 6:00,25
4-29-2015 6:30,28
4-29-2015 7:00,26.8
4-29-2015 7:30,28.8
4-29-2015 8:00,30.2
4-29-2015 8:30,27.2
4-29-2015 9:00,23.4
4-29-2015 9:30,20
4-29-2015 10:00,18
4-29-2015 10:30,19
4-29-2015 11:00,21
4-29-2015 11:30,20.6
4-29-2015 12:00,18.4
4-29-2015 12:30,21.4
4-29-2015 13:00,29.4
4-29-2015 13:30,20.2
4-29-2015 14:00,25.8
4-29-2015 14:30,27.6
4-29-2015 15:00,24.6
4-29-2015 15:30,20
4-29-2015 16:00,19.6
4-29-2015 16:30,23.2
4-29-2015 17:00,23.8
4-29-2015 17:30,31.6
4-29-2015 18:00,37.6
4-29-2015 18:30,44.8
4-29-2015 19:00,49
4-29-2015 19:30,49.4
4-29-2015 20:00,59.4
4-29-2015 20:30,58.8
4-29-2015 21:00,64.4
4-29-2015 21:30,57.8
4-29-2015 22:00,52.4
4-29-2015 22:30,54.6
4-29-2015 23:00,46.2
4-29-2015 23:30,42.4
4-30-2015 0:00,40
4-30-2015 0:30,38.6
4-30-2015 1:00,37.2
4-30-2015 1:30,32.2
4-30-2015 2:00,33
4-30-2015 2:30,32.4
4-30-2015 3:00,31.2
4-30-2015 3:30,29.8
4-30-2015 4:00,29.6
4-30-2015 4:30,30.6
4-30-2015 5:00,29.4
4-30-2015 5:30,29.8
4-30-2015 6:00,31
4-30-2015 6:30,28.2
4-30-2015 7:00,25.8
4-30-2015 7:30,24.8
4-30-2015 8:00,20.8
4-30-2015 8:30,21.6
4-30-2015 9:00,22.8
4-30-2015 9:30,23.4
4-30-2015 10:00,27.6
4-30-2015 10:30,23
4-30-2015 11:00,22.8
4-30-2015 11:30,20.4
4-30-2015 12:00,21.2
4-30-2015 12:30,25.2
4-30-2015 13:00,23.6
4-30-2015 13:30,31
4-30-2015 14:00,20.6
4-30-2015 14:30,20.2
4-30-2015 15:00,31.2
4-30-2015 15:30,19
4-30-2015 16:00,21.4
4-30-2015 16:30,30.2
4-30-2015 17:00,40.6
4-30-2015 17:30,43.4
4-30-2015 18:00,42.8
4-30-2015 18:30,36
4-30-2015 19:00,39
4-30-2015 19:30,40.8
4-30-2015 20:00,45.8
4-30-2015 20:30,45.6
4-30-2015 21:00,44.8
4-30-2015 21:30,43
4-30-2015 22:00,40.2
4-30-2015 22:30,36.2
4-30-2015 23:00,32.4
4-30-2015 23:30,34.2
5-1-2015 0:00,32.6
5-1-2015 0:30,31
5-1-2015 1:00,29.2
5-1-2015 1:30,26.4
5-1-2015 2:00,29.4
5-1-2015 2:30,27.2
5-1-2015 3:00,25.4
5-1-2015 3:30,26
5-1-2015 4:00,26.6
5-1-2015 4:30,23.8
5-1-2015 5:00,24.4
5-1-2015 5:30,25.8
5-1-2015 6:00,26.2
5-1-2015 6:30,24
5-1-2015 7:00,23.2
5-1-2015 7:30,24.4
5-1-2015 8:00,22.2
5-1-2015 8:30,19
5-1-2015 9:00,18.2
5-1-2015 9:30,18.6
5-1-2015 10:00,15.4
5-1-2015 10:30,15.8
5-1-2015 11:00,15.4
5-1-2015 11:30,16.6
5-1-2015 12:00,18.2
5-1-2015 12:30,20.2
5-1-2015 13:00,20
5-1-2015 13:30,19.8
5-1-2015 14:00,19.6
5-1-2015 14:30,16.6
5-1-2015 15:00,16.2
5-1-2015 15:30,17.6
5-1-2015 16:00,15.2
5-1-2015 16:30,16
5-1-2015 17:00,17
5-1-2015 17:30,18.8
5-1-2015 18:00,22.8
5-1-2015 18:30,29.6
5-1-2015 19:00,32.6
5-1-2015 19:30,34.4
5-1-2015 20:00,32.8
5-1-2015 20:30,39.6
5-1-2015 21:00,46
5-1-2015 21:30,41.4
5-1-2015 22:00,39.8
5-1-2015 22:30,37.2
5-1-2015 23:00,35
5-1-2015 23:30,33
5-2-2015 0:00,33.6
5-2-2015 0:30,31
5-2-2015 1:00,28
5-2-2015 1:30,27.2
5-2-2015 2:00,28.6
5-2-2015 2:30,27.4
5-2-2015 3:00,26.8
5-2-2015 3:30,24.8
5-2-2015 4:00,25.8
5-2-2015 4:30,23.8
5-2-2015 5:00,28
5-2-2015 5:30,28.2
5-2-2015 6:00,25.2
5-2-2015 6:30,20
5-2-2015 7:00,21.8
5-2-2015 7:30,28.4
5-2-2015 8:00,23
5-2-2015 8:30,21.4
5-2-2015 9:00,22
5-2-2015 9:30,17.2
5-2-2015 10:00,21.2
5-2-2015 10:30,17.8
5-2-2015 11:00,19
5-2-2015 11:30,21.6
5-2-2015 12:00,21.2
5-2-2015 12:30,24.2
5-2-2015 13:00,24.4
5-2-2015 13:30,17.4
5-2-2015 14:00,22.6
5-2-2015 14:30,21.2
5-2-2015 15:00,21.6
5-2-2015 15:30,24.8
5-2-2015 16:00,28.8
5-2-2015 16:30,26.4
5-2-2015 17:00,29.4
5-2-2015 17:30,26.4
5-2-2015 18:00,38.4
5-2-2015 18:30,40.2
5-2-2015 19:00,45.2
5-2-2015 19:30,48.4
5-2-2015 20:00,47.6
5-2-2015 20:30,52.4
5-2-2015 21:00,55.6
5-2-2015 21:30,53.4
5-2-2015 22:00,51.8
5-2-2015 22:30,46
5-2-2015 23:00,39.8
5-2-2015 23:30,39.6
5-3-2015 0:00,34.6
5-3-2015 0:30,33
5-3-2015 1:00,33.4
5-3-2015 1:30,31.4
5-3-2015 2:00,33
5-3-2015 2:30,31.6
5-3-2015 3:00,31.6
5-3-2015 3:30,30
5-3-2015 4:00,26.8
5-3-2015 4:30,30
5-3-2015 5:00,29.2
5-3-2015 5:30,28.2
5-3-2015 6:00,27
5-3-2015 6:30,26
5-3-2015 7:00,25
5-3-2015 7:30,26.6
5-3-2015 8:00,25.4
5-3-2015 8:30,25.2
5-3-2015 9:00,19.6
5-3-2015 9:30,22
5-3-2015 10:00,23.6
5-3-2015 10:30,22
5-3-2015 11:00,22.4
5-3-2015 11:30,22.2
5-3-2015 12:00,22
5-3-2015 12:30,19.8
5-3-2015 13:00,21.4
5-3-2015 13:30,18.8
5-3-2015 14:00,19.6
5-3-2015 14:30,19.6
5-3-2015 15:00,16.6
5-3-2015 15:30,15.8
5-3-2015 16:00,16.2
5-3-2015 16:30,16.8
5-3-2015 17:00,16.2
5-3-2015 17:30,19
5-3-2015 18:00,26.4
5-3-2015 18:30,39.4
5-3-2015 19:00,41
5-3-2015 19:30,43.4
5-3-2015 20:00,50.4
5-3-2015 20:30,53.4
5-3-2015 21:00,57.6
5-3-2015 21:30,56.4
5-3-2015 22:00,48.2
5-3-2015 22:30,50
5-3-2015 23:00,44.8
5-3-2015 23:30,41
