S_TimeStamp,MeasurementValue
16 May 2016 11:30,6.2
16 May 2016 12:00,6
16 May 2016 12:30,4.8
16 May 2016 13:00,2.8
16 May 2016 13:30,2.8
16 May 2016 14:00,1.4
16 May 2016 14:30,2
16 May 2016 15:00,6
16 May 2016 15:30,8.4
16 May 2016 16:00,0.8
16 May 2016 16:30,1.2
16 May 2016 17:00,1.4
16 May 2016 17:30,1
16 May 2016 18:00,1.6
16 May 2016 18:30,1.6
16 May 2016 19:00,1.2
16 May 2016 19:30,1.8
16 May 2016 20:00,5.4
16 May 2016 20:30,6.2
16 May 2016 21:00,7.8
16 May 2016 21:30,7.2
16 May 2016 22:00,7.6
16 May 2016 22:30,6.6
16 May 2016 23:00,7.2
16 May 2016 23:30,7.4
17 May 2016 00:00,6.8
17 May 2016 00:30,7
17 May 2016 01:00,7.4
17 May 2016 01:30,5.6
17 May 2016 02:00,5.2
17 May 2016 02:30,6.4
17 May 2016 03:00,5.2
17 May 2016 03:30,5.6
17 May 2016 04:00,5.4
17 May 2016 04:30,6
17 May 2016 05:00,4.8
17 May 2016 05:30,4.6
17 May 2016 06:00,4.6
17 May 2016 06:30,5.2
17 May 2016 07:00,5
17 May 2016 07:30,4.8
17 May 2016 08:00,5.8
17 May 2016 08:30,6
17 May 2016 09:00,5.2
17 May 2016 09:30,5.8
17 May 2016 10:00,6.8
17 May 2016 10:30,4.8
17 May 2016 11:00,2.6
17 May 2016 11:30,9.8
17 May 2016 12:00,23.2
17 May 2016 12:30,35
17 May 2016 13:00,45
17 May 2016 13:30,50.2
17 May 2016 14:00,56.4
17 May 2016 14:30,60
17 May 2016 15:00,63.2
17 May 2016 15:30,63.2
17 May 2016 16:00,63.2
17 May 2016 16:30,59.6
17 May 2016 17:00,57.6
17 May 2016 17:30,52.8
17 May 2016 18:00,45.8
17 May 2016 18:30,35.8
17 May 2016 19:00,24
17 May 2016 19:30,10.4
17 May 2016 20:00,2
17 May 2016 20:30,7
17 May 2016 21:00,8.2
17 May 2016 21:30,7.8
17 May 2016 22:00,8.2
17 May 2016 22:30,7.6
17 May 2016 23:00,7.8
17 May 2016 23:30,7.4
18 May 2016 00:00,7
18 May 2016 00:30,6.6
18 May 2016 01:00,6.6
18 May 2016 01:30,5.8
18 May 2016 02:00,5.2
18 May 2016 02:30,5.4
18 May 2016 03:00,5.6
18 May 2016 03:30,5.2
18 May 2016 04:00,5.4
18 May 2016 04:30,6
18 May 2016 05:00,5
18 May 2016 05:30,5.2
18 May 2016 06:00,5
18 May 2016 06:30,5
18 May 2016 07:00,4.8
18 May 2016 07:30,4.6
18 May 2016 08:00,5.4
18 May 2016 08:30,5.2
18 May 2016 09:00,6.4
18 May 2016 09:30,6
18 May 2016 10:00,6.4
18 May 2016 10:30,6.2
18 May 2016 11:00,2.8
18 May 2016 11:30,11
18 May 2016 12:00,25.2
18 May 2016 12:30,35.8
18 May 2016 13:00,45.2
18 May 2016 13:30,52.2
18 May 2016 14:00,56.4
18 May 2016 14:30,60.2
18 May 2016 15:00,61
18 May 2016 15:30,61
18 May 2016 16:00,60.4
18 May 2016 16:30,57.8
18 May 2016 17:00,54.6
18 May 2016 17:30,51.2
18 May 2016 18:00,44.4
18 May 2016 18:30,34.8
18 May 2016 19:00,23.2
18 May 2016 19:30,9.8
18 May 2016 20:00,1.6
18 May 2016 20:30,6.2
18 May 2016 21:00,7.2
18 May 2016 21:30,7.6
18 May 2016 22:00,8.2
18 May 2016 22:30,7
18 May 2016 23:00,7.2
18 May 2016 23:30,6.6
19 May 2016 00:00,6.2
19 May 2016 00:30,5.6
19 May 2016 01:00,5.8
19 May 2016 01:30,7
19 May 2016 02:00,5.6
19 May 2016 02:30,6.2
19 May 2016 03:00,6
19 May 2016 03:30,5
19 May 2016 04:00,5.6
19 May 2016 04:30,6.2
19 May 2016 05:00,6.2
19 May 2016 05:30,5.6
19 May 2016 06:00,4.8
19 May 2016 06:30,4.8
19 May 2016 07:00,4.8
19 May 2016 07:30,5
19 May 2016 08:00,5.6
19 May 2016 08:30,6
19 May 2016 09:00,5.6
19 May 2016 09:30,6.2
19 May 2016 10:00,6.2
19 May 2016 10:30,5.2
19 May 2016 11:00,4.2
19 May 2016 11:30,8.2
19 May 2016 12:30,21
19 May 2016 13:00,32.4
19 May 2016 13:30,42.2
19 May 2016 14:00,50.2
19 May 2016 14:30,56
19 May 2016 15:00,58
19 May 2016 15:30,60
19 May 2016 16:00,62.2
19 May 2016 16:30,60.8
19 May 2016 17:00,57.2
19 May 2016 17:30,53.6
19 May 2016 18:00,48.4
19 May 2016 18:30,41.8
19 May 2016 19:00,32.4
19 May 2016 19:30,22.8
19 May 2016 20:00,10
19 May 2016 20:30,1.4
19 May 2016 21:00,6.4
19 May 2016 21:30,6.8
19 May 2016 22:00,7
19 May 2016 22:30,7.8
19 May 2016 23:00,7
19 May 2016 23:30,7.8
20 May 2016 00:00,7
20 May 2016 00:30,6.6
20 May 2016 01:00,7
20 May 2016 01:30,7
20 May 2016 02:00,6.8
20 May 2016 02:30,5.2
20 May 2016 03:00,6
20 May 2016 03:30,5.6
20 May 2016 04:00,5.2
20 May 2016 04:30,5.4
20 May 2016 05:00,6.2
20 May 2016 05:30,4.8
20 May 2016 06:00,4.6
20 May 2016 06:30,4.8
20 May 2016 07:00,4.6
20 May 2016 07:30,5.4
20 May 2016 08:00,4.4
20 May 2016 08:30,4.4
20 May 2016 09:00,5.2
20 May 2016 09:30,4.8
20 May 2016 10:00,6.2
20 May 2016 10:30,6.4
20 May 2016 11:00,5.4
20 May 2016 11:30,3.4
20 May 2016 12:00,8.8
20 May 2016 12:30,22.6
20 May 2016 13:00,32.6
20 May 2016 13:30,41.8
20 May 2016 14:00,48.4
20 May 2016 14:30,53.4
20 May 2016 15:00,58
20 May 2016 15:30,58.8
20 May 2016 16:00,59
20 May 2016 16:30,58.2
20 May 2016 17:00,56.4
20 May 2016 17:30,53.4
20 May 2016 18:00,47
20 May 2016 18:30,41.6
20 May 2016 19:00,31.8
20 May 2016 19:30,20.8
20 May 2016 20:00,9
20 May 2016 20:30,2.2
20 May 2016 21:00,6.4
20 May 2016 21:30,8.6
20 May 2016 22:00,8.4
20 May 2016 22:30,9.2
20 May 2016 23:00,8.2
20 May 2016 23:30,7.6
21 May 2016 00:00,7.6
21 May 2016 00:30,7.2
21 May 2016 01:00,7.2
21 May 2016 01:30,7.4
21 May 2016 02:00,6.2
21 May 2016 02:30,6
21 May 2016 03:00,5.8
21 May 2016 03:30,5.8
21 May 2016 04:00,5.4
21 May 2016 04:30,6
21 May 2016 05:00,6.4
21 May 2016 05:30,5.2
21 May 2016 06:00,5.4
21 May 2016 06:30,5.2
21 May 2016 07:00,5.8
21 May 2016 07:30,5.8
21 May 2016 08:00,5.2
21 May 2016 08:30,6
21 May 2016 09:00,5.8
21 May 2016 09:30,6.4
21 May 2016 10:00,6.6
21 May 2016 10:30,6.8
21 May 2016 11:00,6
21 May 2016 11:30,4.6
21 May 2016 12:00,7.8
21 May 2016 12:30,22
21 May 2016 13:00,34
21 May 2016 13:30,41.6
21 May 2016 14:00,48.2
21 May 2016 14:30,53.2
21 May 2016 15:00,56.8
21 May 2016 15:30,60.4
21 May 2016 16:00,60.4
21 May 2016 16:30,59.4
21 May 2016 17:00,56.6
21 May 2016 17:30,53.2
21 May 2016 18:00,48.6
21 May 2016 18:30,40.6
21 May 2016 19:00,31.2
21 May 2016 19:30,21.4
21 May 2016 20:00,9.2
21 May 2016 20:30,2.6
21 May 2016 21:00,6.8
21 May 2016 21:30,8.8
21 May 2016 22:00,8
21 May 2016 22:30,8
21 May 2016 23:00,7.8
21 May 2016 23:30,8
22 May 2016 00:00,8.6
22 May 2016 00:30,9
22 May 2016 01:00,7.2
22 May 2016 01:30,6
22 May 2016 02:00,6.2
22 May 2016 02:30,6
22 May 2016 03:00,6.8
22 May 2016 03:30,6.2
22 May 2016 04:00,5.6
22 May 2016 04:30,6.2
22 May 2016 05:00,5.4
22 May 2016 05:30,6
22 May 2016 06:00,6.4
22 May 2016 06:30,5.4
22 May 2016 07:00,5.4
22 May 2016 07:30,5.4
22 May 2016 08:00,5.8
22 May 2016 08:30,5
22 May 2016 09:00,5.8
22 May 2016 09:30,7
22 May 2016 10:00,6.6
22 May 2016 10:30,7.2
22 May 2016 11:00,5.8
22 May 2016 11:30,4.2
22 May 2016 12:00,4
22 May 2016 12:30,4.6
22 May 2016 13:00,8
22 May 2016 13:30,6
22 May 2016 14:00,2.8
22 May 2016 14:30,6.6
22 May 2016 15:00,13.6
22 May 2016 15:30,4
22 May 2016 16:00,11.2
22 May 2016 16:30,9.2
22 May 2016 17:00,1.6
22 May 2016 17:30,1.6
22 May 2016 18:00,1.6
22 May 2016 18:30,1.6
22 May 2016 19:00,1.2
22 May 2016 19:30,1.4
22 May 2016 20:00,4.4
22 May 2016 20:30,5
22 May 2016 21:00,6.8
22 May 2016 21:30,8.6
22 May 2016 22:00,8.8
22 May 2016 22:30,7.8
22 May 2016 23:00,7.4
22 May 2016 23:30,7.4
23 May 2016 00:00,7
23 May 2016 00:30,6.6
23 May 2016 01:00,6.4
23 May 2016 01:30,7
23 May 2016 02:00,6
23 May 2016 02:30,6.4
23 May 2016 03:00,7.2
23 May 2016 03:30,5.2
23 May 2016 04:00,5.2
23 May 2016 04:30,5.4
23 May 2016 05:00,5.2
23 May 2016 05:30,5.2
23 May 2016 06:00,4.8
23 May 2016 06:30,6
23 May 2016 07:00,4.8
23 May 2016 07:30,5.2
23 May 2016 08:00,5
23 May 2016 08:30,5
23 May 2016 09:00,4.8
23 May 2016 09:30,5.8
23 May 2016 10:00,7.2
23 May 2016 10:30,5.2
23 May 2016 11:00,6.2
23 May 2016 11:30,2.8
23 May 2016 12:00,7.2
23 May 2016 12:30,19.4
23 May 2016 13:00,22.2
23 May 2016 13:30,41.8
23 May 2016 14:00,46.4
23 May 2016 14:30,30.8
23 May 2016 15:00,46.2
23 May 2016 15:30,17.4
23 May 2016 16:00,16
23 May 2016 16:30,19.8
23 May 2016 17:00,16.2
23 May 2016 17:30,15.4
23 May 2016 18:00,11.2
23 May 2016 18:30,17
23 May 2016 19:00,3.4
23 May 2016 19:30,2.2
23 May 2016 20:00,5.8
23 May 2016 20:30,7
23 May 2016 21:00,8.8
23 May 2016 21:30,7.6
23 May 2016 22:00,7.6
23 May 2016 22:30,7.2
23 May 2016 23:00,7.4
23 May 2016 23:30,6.2
24 May 2016 00:00,6.2
24 May 2016 00:30,6.2
24 May 2016 01:00,5.6
24 May 2016 01:30,4.8
24 May 2016 02:00,5.8
24 May 2016 02:30,5.4
24 May 2016 03:00,4.8
24 May 2016 03:30,4.8
24 May 2016 04:00,4.8
24 May 2016 04:30,5
24 May 2016 05:00,5.8
24 May 2016 05:30,5
24 May 2016 06:00,4.8
24 May 2016 06:30,5
24 May 2016 07:00,4.4
24 May 2016 07:30,5.2
24 May 2016 08:00,5.8
24 May 2016 08:30,6.6
24 May 2016 09:00,6
24 May 2016 09:30,5.4
24 May 2016 10:00,4.2
24 May 2016 10:30,25.4
24 May 2016 11:00,26.6
24 May 2016 11:30,43
24 May 2016 12:00,16
24 May 2016 12:30,29
24 May 2016 13:00,46.4
24 May 2016 13:30,43.6
24 May 2016 14:00,26.2
24 May 2016 14:30,18.8
24 May 2016 15:00,14.4
24 May 2016 15:30,13.6
24 May 2016 16:00,5.4
24 May 2016 16:30,3.2
24 May 2016 17:00,1.6
24 May 2016 17:30,1.2
24 May 2016 18:00,3.8
24 May 2016 18:30,7
24 May 2016 19:00,8.8
24 May 2016 19:30,7.8
24 May 2016 20:00,7.4
24 May 2016 20:30,6.8
24 May 2016 21:00,7.2
24 May 2016 21:30,8.2
24 May 2016 22:00,7.2
24 May 2016 22:30,6.2
24 May 2016 23:00,5.8
24 May 2016 23:30,5.6
25 May 2016 00:00,5.8
25 May 2016 00:30,5.8
25 May 2016 01:00,6.4
25 May 2016 01:30,6.8
25 May 2016 02:00,6
25 May 2016 02:30,5.8
25 May 2016 03:00,5.6
25 May 2016 03:30,5.2
25 May 2016 04:00,5.4
25 May 2016 04:30,4.8
25 May 2016 05:00,6
25 May 2016 05:30,5
25 May 2016 06:00,5.2
25 May 2016 06:30,5.6
25 May 2016 07:00,5.6
25 May 2016 07:30,6.2
25 May 2016 08:00,6
25 May 2016 08:30,6.6
25 May 2016 09:00,4.6
25 May 2016 09:30,1.6
25 May 2016 10:00,7.8
25 May 2016 10:30,17
25 May 2016 11:00,22
25 May 2016 11:30,25.6
25 May 2016 12:00,26.6
25 May 2016 12:30,11.2
25 May 2016 13:00,51.2
25 May 2016 13:30,36
25 May 2016 14:00,37
25 May 2016 14:30,53.4
25 May 2016 15:00,49.8
25 May 2016 15:30,45
25 May 2016 16:00,14
25 May 2016 16:30,27.4
25 May 2016 17:00,19.6
25 May 2016 17:30,10.2
25 May 2016 18:00,2
25 May 2016 18:30,6.4
25 May 2016 19:00,8.4
25 May 2016 19:30,8.4
25 May 2016 20:00,8.2
25 May 2016 20:30,7.6
25 May 2016 21:00,7.8
25 May 2016 21:30,7.2
25 May 2016 22:00,8
25 May 2016 22:30,5.8
25 May 2016 23:00,5.8
25 May 2016 23:30,5.4
26 May 2016 00:00,5.4
26 May 2016 00:30,5.8
26 May 2016 01:00,6.4
26 May 2016 01:30,4.8
26 May 2016 02:00,4.8
26 May 2016 02:30,5
26 May 2016 03:00,5
26 May 2016 03:30,4.8
26 May 2016 04:00,5
26 May 2016 04:30,5.6
26 May 2016 05:00,6.2
26 May 2016 05:30,4.6
26 May 2016 06:00,4.6
26 May 2016 06:30,4.8
26 May 2016 07:00,5.6
26 May 2016 07:30,5.8
26 May 2016 08:00,6.8
26 May 2016 08:30,5.4
26 May 2016 09:00,2.6
26 May 2016 09:30,9
26 May 2016 10:00,21
26 May 2016 10:30,28.8
26 May 2016 11:00,39.2
26 May 2016 11:30,29.4
26 May 2016 12:00,52.6
26 May 2016 12:30,39.4
26 May 2016 13:00,54.4
26 May 2016 13:30,38.6
26 May 2016 14:00,38.2
26 May 2016 14:30,47.2
26 May 2016 15:00,51.8
26 May 2016 15:30,42
26 May 2016 16:00,34.8
26 May 2016 16:30,29.4
26 May 2016 17:00,19
26 May 2016 17:30,6.8
26 May 2016 18:00,2
26 May 2016 18:30,5.6
26 May 2016 19:00,9.4
26 May 2016 19:30,10
26 May 2016 20:00,7.8
26 May 2016 20:30,8
26 May 2016 21:00,8.2
26 May 2016 21:30,7.4
26 May 2016 22:00,7.4
26 May 2016 22:30,7
26 May 2016 23:00,6.6
26 May 2016 23:30,6.6
27 May 2016 00:00,6
27 May 2016 00:30,6.2
27 May 2016 01:00,5.8
27 May 2016 01:30,6.4
27 May 2016 02:00,5.8
27 May 2016 02:30,5.4
27 May 2016 03:00,5.4
27 May 2016 03:30,5.2
27 May 2016 04:00,5.2
27 May 2016 04:30,5
27 May 2016 05:00,5.8
27 May 2016 05:30,4.8
27 May 2016 06:00,4.6
27 May 2016 06:30,5.6
27 May 2016 07:00,5.4
27 May 2016 07:30,6.8
27 May 2016 08:00,6.2
27 May 2016 08:30,6.4
27 May 2016 09:00,5
27 May 2016 09:30,1.4
27 May 2016 10:00,10
27 May 2016 10:30,23.2
27 May 2016 11:00,17.4
27 May 2016 11:30,34.4
27 May 2016 12:00,39.8
27 May 2016 12:30,47.4
27 May 2016 13:00,53.6
27 May 2016 13:30,48.6
27 May 2016 14:00,43.8
27 May 2016 14:30,23.2
27 May 2016 15:00,11.2
27 May 2016 15:30,3.6
27 May 2016 16:00,2.6
27 May 2016 16:30,2.4
27 May 2016 17:00,4
27 May 2016 17:30,4.6
27 May 2016 18:00,5.8
27 May 2016 18:30,7
27 May 2016 19:00,8.6
27 May 2016 19:30,9.6
27 May 2016 20:00,8.6
27 May 2016 20:30,8
27 May 2016 21:00,7.6
27 May 2016 21:30,7.4
27 May 2016 22:00,7.6
27 May 2016 22:30,7.4
27 May 2016 23:00,8
27 May 2016 23:30,6.6
,6.2
,5.8
,6
,6
,6.4
,5.6
,6.4
,5.8
,5.2
,4.6
,5.2
,5
,5.4
,5.6
,6.4
,6.4
,6.2
,5.8
,5
,2.8
,1.8
,2
,5
,16
,9.4
,51
,28
,47.4
,28.8
,11.8
,2.8
,4
,4.8
,1.6
,2
,3.8
,7.4
,9
,9.4
,11.2
,11.4
,9
,9
,8.6
,8.4
,8.4
,8.6
,8
,6.4
,7.2
,6.8
,6.6
,7
,7
,6.2
,6.2
,6
,5.6
,6
,5.6
,6.6
,7
,6.8
,7.4
,7.6
,7
,6
,10.8
,23.2
,32.8
,41.2
,47.6
,53.4
,56.6
,54
,55.8
,60
,26.4
,30
,46.4
,40.6
,15.8
,21.6
,2
,3
,6.6
,8.4
,9.2
,7.8
,8.6
,7.4
,7.8
,7.4
,8
,6.6
,6.4
,5.6
,5.8
,6
,7
,6.8
,5.4
,5.6
,5.6
,5.8
,5.4
,6.6
,5.4
,4.6
,5.2
,5.6
,5.8
,6
,6.6
,1.6
,2
,4.2
,3.4
,1.4
,1.8
,4.6
,2.6
,2.6
,8.8
,1.4
,4
,4
,3.2
,2.6
,2
,5
,3.2
,4.4
,5.8
,7
,8
,8.4
,7.8
,8
,8
,7.2
,7
,7.8
,7.2
,5.4
,5.6
,5.8
,5.8
,5.4
,6
,6
,6.6
,5.6
,5.4
,5.4
,5.2
,4.8
,5.4
,5.6
,6.6
,6
,5.2
,5.6
,4.2
,3.6
,7.8
,7.6
,1.4
,2.6
,1.6
,11.8
,4.6
,7.4
,9.4
,6
,12
,1.2
,1.4
,4.8
,3.8
,5.4
,7.8
,7
,8.8
,7.8
,7.4
,7.4
,7.8
,6
,6.2
,5.8
,5.6
,5.2
,5.4
,6
,4.8
,5.2
,4.8
,5
,5
,5.4
,5.8
,4.8
,4.8
,4.8
,5
,5.2
,5.8
,6.8
,5
,4.6
,3.8
,1.4
,2
,1.2
,1.4
,3.4
,14.4
,2.8
,1.6
,3.6
,12.4
,7.2
,5
,2.2
,1.8
,4.4
,3.8
,5
,6.4
,9
,8.4
,7.4
,8
,7.8
,7.8
,7.6
,8.2
,7.2
,5.8
,6.4
,5.6
,5.6
,5.4
,6.4
,6.2
,5.6
,5.8
,5.4
,5.2
,5.2
,5.4
,6.4
,5.8
,6.2
,6.6
,5.8
,6.4
,5.8
,4.4
,2.8
,2.4
,1.6
,2.4
,1.4
,1.2
,1.4
,1.4
,2
,1.4
,1.4
,1.4
,2.2
,4.6
,4.4
,6.2
,6.8
,6.8
,8
,7.6
,7.8
,7.8
,7.6
,7.2
,7
,6.4
,6.2
,6.8
,5.8
,5.8
,5.8
,5
,5.2
,5.4
,6.4
,5.6
,5.2
,5
,5
,4.8
,4.8
,6.4
,5.8
,5.8
,5.4
,5.2
,2
,1.4
,9.8
,6
,21
,36.4
,4.6
,15.2
,16.2
,19.6
,36
,29.4
,8.8
,11.8
,2.2
,1.6
,3
,4.2
,7.4
,7.2
,8
,8.6
,7.4
,7.2
,8.4
,6.6
,6.6
,6.4
,6
,5.8
,7.6
,6
,5.6
,5.2
,5.2
,5.2
,5.4
,6
,5.2
,4.8
,4.6
,4.6
,5.2
,5.6
,6.6
,6.6
,5.6
,5.4
,1.8
,5.6
,3
,1.6
,1.6
,13.4
,2.4
,10.8
,2.6
,15
,3.6
,1.6
,2.6
,3
,5
,4.2
,4
,6
,6.4
,7.8
,9
,7.6
,7.4
,7
,7
,7
,6.8
,6.2
,5.6
,5.4
,6.4
,5.8
,6
,5.6
,5.4
,4.8
,5.2
,5
,5.2
,5.8
,5.6
,4
,4.4
,4.6
,5.6
,5.2
,6.2
,3.8
,2.4
,12.6
,32.4
,31.4
,39.8
,45.2
,48.6
,9.8
,49.4
,50.4
,48.2
,22.6
,56.8
,36.4
,29
,18.2
,8.4
,3.2
,5.8
,6.2
,7.8
,7.4
,6.8
,6.4
,6.4
,6.2
,7.6
,6.2
,5.6
,5.6
,4.8
,4.4
,5.4
,5.2
,4.8
,4
,4.6
,4.2
,4.2
,4
,4.4
,4
,4
,4.2
,4.6
,4.8
,5.2
,5
,2.8
,23
,38.8
,45.6
,53.6
,53.6
,35.8
,51.4
,16.4
,23.8
,52.6
,58.2
,55.4
,60.6
,63.2
,66
,66
,67.8
,64
,62.4
,57.6
,52
,44.2
,33.2
,20.2
,2.2
,5.6
,6.8
,7
,7.2
,7.6
,7.4
,8
,6.8
,6.8
,6.6
,6.2
,5.6
,5.8
,5.4
,6.4
,6.2
,4.8
,4.6
,4.8
,5
,5.6
,5.6
,5
,5.2
,4.4
,5.2
,5.4
,6.4
,5.6
,2.4
,5.4
,1.8
,2
,22
,22.4
,35
,59.6
,63.4
,71.4
,45.4
,29
,43.2
,48.4
,44.4
,20.8
,10.4
,10.8
,6.4
,6.2
,6.6
,6.2
,2.4
,3.4
,14.6
,24.2
,34.2
,42.8
,50.6
,55.4
,57.2
,59.8
,59.8
,58.2
,53.6
,47.4
,42.6
,34.6
,24.8
,12.8
,2.6
,4.6
,7
,7
,7.2
,7.8
,8.4
,7.8
,7.6
,6.4
,6.2
,5.2
,6
,5.8
,5.4
,6.2
,4.6
,4.8
,5
,4.8
,4.6
,4.8
,5.4
,4.4
,4.4
,5.4
,5.4
,6.6
,6.6
,5.6
,2.2
,6.6
,20.4
,30.2
,5
,1.2
,4
,6.2
,1.4
,3.6
,1.2
,61.8
,63.6
,46.2
,50.8
,46.6
,46.6
,46.6
,46.6
,46.6
,46.6
,46.6
,46.6
,46.6
,46.6
,46.6
,46.6
,46.6
,46.6
,46.6
,46.6
,46.6
,46.6
,46.6
,46.6
,46.6
,46.6
,46.6
,46.6
,46.6
,46.6
,46.6
,46.6
,46.6
,46.6
,46.6
,46.6
,46.6
,46.6
,46.6
,46.6
,46.6
,46.6
,46.6
,46.6
,46.6
,46.6
,46.6
,46.6
,46.6
,46.6
,46.6
,46.6
,46.6
,46.6
,46.6
,46.6
,46.6
,46.6
,46.6
,46.6
,46.6
,46.6
,46.6
,46.6
,46.6
,46.6
,46.6
,46.6
,46.6
,46.6
,46.6
,46.6
,46.6
,46.6
,46.6
,46.6
,46.6
,46.6
,46.6
,46.6
,46.6
,46.6
,46.6
,46.6
,46.6
,46.6
,46.6
,46.6
,46.6
,46.6
,46.6
,46.6
,46.6
,46.6
,46.6
,46.6
,46.6
,46.6
,46.6
,46.6
,46.6
,46.6
,46.6
,46.6
,46.6
,46.6
,46.6
,46.6
,46.6
,46.6
,46.6
,46.6
,46.6
,46.6
,46.6
,46.6
,46.6
,46.6
,46.6
,46.6
,46.6
,46.6
,46.6
,46.6
,46.6
,46.6
,46.6
,46.6
,46.6
,46.6
,46.6
,46.6
,46.6
,46.6
,46.6
,46.6
,46.6
,46.6
,46.6
,46.6
,46.6
,46.6
,46.6
,46.6
,5.6
,5.8
,6.4
,6.2
,5.4
,5.6
,5.8
,6.8
,7.2
,7.6
,7.4
,7.8
,7.6
,8.8
,8.6
,7.4
,7.2
,6.4
,5.8
,7.2
,6.6
,6.4
,5.2
,5.4
,6.4
,6.4
,5.2
,5.4
,5.2
,5.2
,5.6
,6.2
,5.2
,5.4
,6
,6.6
,6.2
,6.2
,5.8
,5.4
,6.6
,4.2
,4.4
,3
,0.6
,3.2
,5.6
,6.4
,6.4
,9.4
,1.6
,0.8
,2.8
,3.2
,1.8
,5.4
,6.4
,9
,8.2
,7.8
,7
,7.2
,6.6
,7.6
,7.4
,6.4
,6.4
,6.6
,6.2
,6
,6
,5.8
,5
,5
,4.6
,4.6
,4.8
,5.6
,5.6
,4.8
,5.4
,5.4
,5.4
,5
,6.6
,6.4
,1.4
,2.2
,11.6
,8.6
,9.6
,17.6
,16.8
,40.8
,30.6
,42.6
,31.2
,25.2
,35.8
,19.6
,16.4
,8.2
,3.6
,5
,7.4
,8.4
,8.6
,8.2
,8
,7.4
,7.6
,7
,7
,7.6
,6.8
,7
,6.4
,6.8
,6.4
,6
,6
,6.2
,5.8
,5.6
,6.6
,5.8
,5.4
,5.6
,6.2
,6.6
,5.6
,5.4
,1.4
,8.4
,24
,36
,37
,37.4
,65
,63.4
,63
,54.8
,69.2
,40.6
,65.2
,59.6
,53.2
,45
,35.2
,22.4
,10.8
,1.8
,6
,8.4
,8.4
,8
,7.4
,7.6
,6.6
,7.8
,7.4
,5.8
,5.6
,5.8
,5.4
,5.4
,5.8
,5
,5
,5.2
,4.8
,4.6
,5
,5.2
,5.4
,5
,5.4
,6.2
,6.2
,5.4
,5.8
,18
,31.2
,42
,51.4
,56
,62
,65.6
,68.2
,69
,67.8
,66.6
,62.4
,58
,51.8
,42.8
,32.2
,20.6
,9.8
,1.2
,8.2
,9
,8.2
,6.8
,6.8
,7.4
,8.2
,6.4
,6.4
,6.4
,6.2
,5.8
,6
,7.2
,5.6
,5.4
,5.4
,5.6
,5.2
,5.2
,6.2
,5
,4.8
,5.2
,5.4
,5.8
,6.8
,6.2
,3.6
,17.4
,20
,38.6
,47.8
,55.6
,59.8
,61.8
,56.2
,54
,58.8
,56.8
,45.4
,47
,39.6
,19
,26.6
,19.6
,8.4
,2.4
,8.4
,8.8
,9.2
,7.4
,8.6
,7.8
,7
,7.6
,7
,6
,6
,6.2
,6
,6
,6.6
,5.4
,5.6
,5.2
,5.2
,5.2
,5.2
,5.2
,5
,6.4
,5.2
,6
,6
,5.4
,4.6
,17.6
,30.2
,41
,50.4
,56.8
,61
,65.8
,66.2
,66.6
,64.4
,55
,53.6
,49.8
,49.6
,37
,31.2
,22.4
,11.2
,2.8
,6.4
,8.6
,9.2
,8.4
,8.4
,7.8
,7.6
,7.4
,7.8
,6.2
,6.2
,6
,5.8
,7.2
,5.4
,5.2
,5.2
,5.4
,5.2
,5.2
,6
,5
,5.2
,5.6
,6
,6
,6.6
,5
,6
,18.2
,30.6
,41.4
,49.8
,58
,57.8
,62
,56.6
,47.8
,19
,32.6
,23.2
,26.8
,11.8
,13.2
,12.4
,19.2
,10
,1.8
,7
,8.2
,9
,7.8
,7.4
,7.6
,7.6
,6
,6.4
,6.4
,6
,5.6
,7
,5.6
,5.4
,5.2
,5.2
,5.6
,6.4
,6.2
,5.8
,5.8
,5.4
,5.8
,5.6
,7
,6.4
,5.2
,3.6
,1.8
,2
,10.6
,22.4
,36.6
,25.4
,34.6
,17.8
,26.6
,25.4
,11.8
,3.4
,3.6
,2.4
,2.2
,1.2
,1.2
,3
,6
,6.4
,8.2
,7.8
,7.8
,8.2
,8
,8.2
,7.4
,7.2
,6.8
,6.8
,6
,5.6
,6.2
,5.2
,5.6
,5.4
,6.6
,5.8
,5.6
,5.6
,6
,5.6
,6.8
,6.6
,6.4
,5.8
,5.4
,1.8
,18.8
,33.6
,46.4
,53.8
,62.4
,65.2
,72
,62.8
,73.6
,75.8
,74
,68.8
,54
,58
,48.6
,12
,12.4
,9
,1
,7.6
,9.6
,8.4
,7.6
,7.4
,7.6
,7.4
,8
,6.6
,6.4
,6.4
,6.2
,5.8
,7
,5.4
,5
,6
,6
,5.8
,6
,6.6
,6
,6
,6.2
,6.4
,7.2
,7.2
,2.8
,8.6
,20.8
,33
,43.6
,52.6
,63.2
,66
,68.4
,70.2
,70
,71
,66.6
,66.6
,61.6
,53.8
,47.2
,36.8
,25.4
,13.8
,1.2
,6.8
,8
,8.2
,8
,8.8
,8.6
,8
,7.4
,7.6
,6.8
,7
,6.6
,6.8
,6
,5.6
,5.2
,6.6
,6.2
,5.4
,5.6
,6
,5.6
,5.4
,6.4
,6
,6.4
,5.4
,1.8
,9.8
,6.2
,32.2
,42.4
,51.6
,57.4
,63.8
,66.6
,68.6
,67.8
,68.2
,66
,59
,53.2
,45.8
,35.2
,24.6
,13.4
,1.8
,7.2
,9.4
,8.6
,8.6
,8.2
,9
,7.8
,7.8
,8.4
,7
,6
,6.2
,6
,6
,5.2
,6
,5.2
,5.4
,5.2
,5.6
,5.6
,5.6
,6
,6
,6.6
,5.8
,5.6
,2.2
,8.8
,21.6
,32.2
,43.2
,51
,56.6
,62
,59.8
,66.4
,67.2
,65.6
,63.8
,60
,56.4
,51
,44.6
,34
,22.2
,10.2
,2.2
,7.8
,11
,11
,10.2
,9.4
,9.8
,7.8
,8.6
,8.6
,8.8
,6.2
,6.6
,6
,6.2
,5.4
,6.6
,5.6
,6.6
,5.6
,6
,6.4
,6.8
,7
,6.6
,6.6
,6.8
,6.6
,7.6
,6.6
,3.8
,2.4
,2.2
,3.2
,4.6
,12.2
,2
,1.8
,1.6
,2
,1.8
,2.6
,3.6
,3.6
,5.4
,5.4
,7.4
,6.4
,8
,8.6
,10
,9.8
,9.4
,9.4
,8.4
,9
,8
,8.2
,6.4
,6.6
,6.2
,5.8
,6.2
,6.8
,6.4
,6
,6.6
,6.2
,5.8
,6.4
,6.8
,6
,6.2
,6.4
,6.4
,6
,5.4
,3.6
,2.2
,3.2
,7.2
,5
,8.2
,6.8
,22.6
,16.8
,1.6
,3.4
,7.4
,3
,1.2
,2.2
,2.6
,3.4
,3.8
,3.2
,4.8
,7
,7.6
,8
,7.8
,7.8
,7.4
,8.6
,7.4
,7.2
,6
,5.8
,5.4
,4.8
,6.2
,5.8
,5.2
,5.2
,5.6
,5.4
,5.8
,7
,5.6
,4.8
,5.2
,5.2
,5.8
,5.6
,6.4
,4.2
,2.2
,2.6
,18
,39.4
,29
,59
,44.4
,68.4
,63.6
,63.6
,58.6
,56.8
,28
,24.2
,13.2
,1.6
,3.4
,3.2
,7.2
,6.8
,7.6
,8
,8
,7
,8.2
,7.2
,6.8
,5.8
,5.8
,4.8
,5.2
,6.4
,5
,5
,5.2
,5.2
,5.4
,5.4
,6.4
,5.4
,5.2
,4.8
,5
,6
,6.2
,6
,3.4
,3
,1.8
,3
,5.6
,12.2
,0
,0
,83.2
,72
,71.6
,71.6
,62.8
,53
,52.8
,48.4
,38.2
,26.6
,16.6
,4.4
,6.2
,7.2
,7.8
,8
,8.8
,8.6
,7.6
,7.4
,6.6
,6
,5.4
,6.8
,6
,5.6
,5
,5.6
,5
,5.4
,6
,4.8
,5.2
,5.4
,5.2
,5.2
,6
,7
,5.2
,2.4
,1.2
,6.4
,37.6
,15
,16.2
,28.2
,24.2
,29.2
,22.2
,17.6
,15.4
,11.2
,6.8
,3.8
,1.6
,3.4
,2.2
,2.6
,5.4
,5.4
,6.4
,6.6
,8
,7
,9
,8
,7.2
,7.2
,6.6
,6.8
,7
,5.8
,5
,5.6
,5
,5.8
,5.8
,6.6
,5
,5.6
,5.6
,5.8
,5.4
,5.6
,6.4
,6.6
,6
,5.8
,3.4
,3.4
,5.4
,3.4
,4.8
,4.6
,3.8
,1.8
,4
,2
,3.2
,1.6
,2
,1.6
,3.6
,3
,5.2
,6.6
,6.6
,6.6
,6.4
,7.6
,8
,8
,9
,8.4
,8
,6.6
,6.8
,6.4
,5.8
,6.4
,7
,5.8
,5
,5
,5.2
,5.6
,6
,6.2
,5.4
,5
,5.2
,5
,5.8
,6.8
,5.4
,5.8
,4.6
,3.8
,1.8
,17.4
,3.8
,5.4
,8.8
,5.8
,8.2
,11.6
,13.2
,21.4
,14.8
,11.2
,8.4
,2.8
,1.4
,1.2
,1.8
,4.6
,7.4
,7.2
,7.4
,7.2
,7.2
,8.8
,8.2
,6
,6.4
,6.2
,5.6
,5.2
,5
,6.2
,4.8
,4.8
,5
,5
,5
,6
,5
,4.8
,5
,5.4
,6
,5.4
,5.6
,2.4
,1.6
,4
,8.4
,24.4
,39.6
,53.8
,72
,35.4
,50.8
,27.8
,37
,27.6
,3.2
,9.4
,27.8
,15.8
,7.2
,3.6
,5
,6.8
,8.2
,9
,8.6
,8.2
,8
,6.8
,6.2
,6
,6
,5.6
,5.6
,5
,5.6
,4.4
,4.8
,5
,5.2
,5.2
,5.2
,5.4
,5.2
,6
,5.2
,5.4
,6
,3.6
,2.2
,5
,25.4
,36.2
,46.6
,52.4
,59.8
,64.2
,68.6
,70.6
,67.8
,68.4
,68
,64.4
,60.6
,52.6
,31.2
,35.4
,21.6
,11.8
,1.8
,5.6
,6.2
,8
,7
,7.4
,6.8
,7.6
,6.8
,7.4
,6.2
,5.6
,5.6
,5.6
,5.8
,5
,5.8
,5.8
,5.4
,4.8
,5
,4.8
,4.6
,5.4
,4.8
,5
,5.6
,4.4
,7.6
,6
,23.6
,34.2
,46.2
,53.2
,59
,63.8
,68.4
,67.6
,69.2
,69.2
,68.2
,67.8
,60.8
,23.4
,48.4
,32.2
,3.8
,4.4
,3.4
,4.4
,6.8
,7.8
,7.6
,8
,8.8
,7.2
,7.6
,5.8
,6.4
,6.2
,5.4
,5.4
,5.6
,6
,4.6
,5.2
,5.8
,5.4
,5.4
,5.8
,6.2
,5.2
,5
,5.4
,6.4
,5
,4.2
,1.6
,5.6
,27.2
,27.2
,26.4
,39.2
,43
,57.8
,66.4
,68.2
,67.4
,66
,66.2
,62
,54.6
,47.6
,36.2
,26.6
,15.6
,4.2
,4.8
,7.6
,7.6
,7.6
,7.2
,8.2
,7.8
,7.4
,7.6
,6.8
,6
,6
,6
,6.6
,6.6
,5.2
,5.4
,5.8
,5.6
,5.8
,6
,6.2
,4.8
,5.6
,5.8
,6.2
,5.4
,5.4
,5.4
,5.4
,5.4
,5.4
,5.4
,5.4
,5.4
,35.2
,35.2
,57.2
,26.2
,35.2
,30
,8.6
,1.4
,2.4
,6.4
,5
,4
,2.8
,5.4
,7.2
,9.4
,8.2
,7.8
,8
,7.8
,6.8
,7.6
,6.8
,6.4
,6.2
,5.6
,6.4
,5.6
,5.8
,5.4
,5.8
,5.8
,5.8
,5.8
,6
,6.6
,6.4
,7.4
,6.6
,5.6
,5.8
,5.4
,7
,1.6
,1.8
,6.4
,3.6
,2.6
,1.4
,3.2
,3
,1.4
,5.2
,5.4
,1.6
,16.6
,4.4
,1.4
,3.6
,5.6
,6.8
,6.6
,7.6
,7.2
,8
,8.4
,8.4
,7.4
,7.4
,6.6
,6.2
,5.8
,6.4
,5.8
,6
,5
,5.2
,5.8
,5.4
,6.2
,6.2
,5.6
,5.2
,5.2
,5.8
,5.6
,5.6
,6
,6
,4.4
,2.6
,2.8
,2.6
,2.4
,3.4
,1.6
,1.4
,1.8
,1.6
,2.8
,2
,1.8
,1.6
,2.6
,4.2
,3.2
,5.4
,4.2
,7
,7.6
,8.8
,7.8
,7.8
,7.6
,8.2
,7.4
,7.6
,7.6
,7
,6.2
,6
,6.2
,6.2
,6
,5.4
,5.6
,6
,5.4
,5.2
,5.6
,6.4
,5.6
,6
,6
,6
,5.8
,5.2
,6.8
,6.2
,3.8
,2.2
,1.8
,2
,3.4
,1.6
,1.8
,1.6
,4.4
,2.8
,1.6
,3.4
,2.2
,2.2
,2.2
,3.2
,5.4
,6.2
,6.8
,7.2
,7.2
,8
,8.6
,8.2
,8.2
,7.6
,7
,7.2
,6.6
,6.6
,6.6
,5.8
,5.6
,4.8
,5.2
,5.4
,5.2
,5
,5.2
,5
,4.8
,4.8
,5
,6.6
,5.6
,5.8
,4.8
,6
,4.8
,2.2
,1.6
,1.2
,1.2
,1.2
,1.4
,1
,1.2
,1.8
,2.4
,1
,1
,3.4
,4.6
,5.6
,5
,6.6
,6.8
,7.8
,7.8
,8.2
,7.8
,7.2
,7
,7.4
,6.4
,6.4
,5.8
,5.4
,5.4
,5.8
,5.4
,5
,5
,5.2
,5.2
,5
,5.4
,5.2
,5
,5.6
,6.6
,7.2
,6
,4.8
,2.4
,2.4
,1
,2.8
,4.4
,3.4
,9.6
,25.6
,28.4
,19.8
,10.2
,2
,5.8
,9.4
,9.6
,10.2
,6
,1.4
,2.6
,4.6
,7.6
,6.6
,8.4
,8
,8
,6.8
,8
,7.2
,6.6
,6.4
,6.8
,5.8
,5.6
,5.6
,5
,5.2
,5.2
,6.4
,6.2
,5.4
,5.4
,5.2
,5.2
,5
,5.2
,6.6
,5.6
,3.2
,2
,6
,27.8
,32.6
,35.4
,62
,33.4
,38.6
,48.8
,35.2
,22.6
,33.8
,22.8
,18
,14
,1.8
,3.8
,5.8
,6.2
,5.6
,5.6
,6.8
,8
,7.2
,7.2
,7.2
,6.6
,7.4
,7.4
,6.2
,6.2
,6.4
,6
,5.8
,5.8
,6.2
,5.6
,5.6
,5.2
,5.4
,5.4
,5.4
,5.6
,5.6
,5.6
,5
,3.4
,1.4
,6.8
,20
,16.6
,42.2
,52.6
,60.4
,66.8
,48.4
,73.4
,68
,68.4
,62.2
,58.4
,36.6
,48.6
,30.8
,34.6
,24.4
,17.6
,4.8
,4.4
,7.8
,7.6
,7
,8.2
,8.2
,7.8
,7.4
,7.2
,7.6
,6
,5.6
,5.8
,6
,5
,5.8
,5.6
,6.4
,5.4
,4.8
,5.4
,5.2
,4.8
,5.2
,5.2
,5.4
,5.2
,5.4
,4
,3.4
,4
,3.2
,2.6
,0
,0.8
,0
,1.4
,4
,3
,1.6
,3
,3.4
,2.6
,3.4
,4
,4.4
,4.4
,6
,7.4
,8
,7.6
,8
,8.2
,7.6
,8.4
,8.2
,7.2
,6.8
,6.4
,6
,5.6
,6.8
,6.2
,5.2
,5.6
,5.2
,5.4
,5.8
,6.2
,5.8
,5.4
,5.6
,5.4
,5.6
,4.6
,2.6
,10.2
,24.2
,34.2
,46
,52.2
,58.2
,63.6
,66
,65.2
,27
,65.8
,67
,62.2
,44
,51.2
,31
,32.8
,16.4
,1.8
,2.8
,5.6
,8
,8.2
,8
,7.4
,7.8
,8.2
,7.8
,7
,6.4
,5.8
,5.6
,5.6
,5.4
,5.8
,5.8
,5.6
,5.4
,5
,5
,5.2
,6
,5.8
,5.8
,6.4
,5.6
,3.4
,3.2
,13.4
,25.2
,34.6
,44.8
,53.2
,59.6
,63.8
,67.4
,61.4
,62.8
,53.6
,56.4
,49
,35
,49.6
,24.2
,16.6
,11.8
,10
,4.6
,3.4
,6
,7.8
,7.6
,6.8
,8
,7.8
,6.2
,6.2
,5.6
,5.4
,5
,5.8
,5.2
,4.8
,5
,5.4
,5
,5
,5.6
,4.8
,4.8
,4.8
,5.2
,5.6
,4.8
,6.2
,4.8
,4.6
,3.8
,2.8
,2.4
,1.6
,1.6
,2
,1.4
,1.6
,2.4
,1.8
,1.6
,2.4
,13
,12.8
,9.2
,5.8
,3.2
,2.6
,3.4
,4.2
,8.2
,8.4
,8
,7.6
,8
,8
,8
,7.6
,6.4
,6
,5.8
,5.4
,5.6
,6
,6.2
,5.6
,5.4
,5.6
,5.2
,5.4
,6.2
,6
,5.4
,5.2
,5
,5.2
,3.4
,3.8
,3.4
,5.6
,17.4
,3.6
,3.2
,1.6
,30.8
,44.8
,58.2
,60.2
,36.6
,33.2
,21
,13.8
,12.6
,21.6
,5.4
,3.6
,1.6
,3.6
,5.8
,7.2
,8.4
,8.8
,8.4
,7.4
,7.2
,6.6
,6.2
,6.2
,5.6
,4.8
,5.2
,4.4
,4.8
,5.4
,5.4
,6.2
,5.4
,5.2
,5.2
,5.6
,5.4
,6
,6.2
,5.4
,4.2
,4.6
,5
,2.8
,2.8
,5.4
,2.4
,3.4
,1.6
,1.6
,3
,3
,1.6
,1.6
,2.4
,7
,2.2
,2.2
,2.6
,1.6
,1.4
,3.2
,6.8
,9
,8.4
,8.2
,8.4
,8.2
,7.8
,7.8
,7.6
,7.2
,6.4
,6.6
,6.2
,5.4
,5.6
,6.6
,7
,6
,5.4
,5.6
,5.2
,6
,5.8
,7
,7
,1.4
,6.4
,13.4
,29.2
,38.4
,47.2
,53.8
,61
,65
,70.2
,59.6
,68
,40.2
,32
,16.4
,16
,6.2
,1.8
,5.8
,28.4
,16.6
,4.6
,2.8
,6.8
,8.6
,9
,10.2
,8.6
,8.2
,7.8
,6.6
,6.8
,7
,7
,6.8
,6.6
,5.6
,5.4
,5.6
,5.6
,5.6
,5.8
,6.6
,6
,5.2
,5.2
,5
,5
,2
,6.8
,19.4
,30
,42
,53.4
,56.6
,58.2
,44.2
,11
,43.4
,29.2
,49
,31
,35.8
,14
,39.6
,15
,17.6
,23.2
,2.8
,2.6
,3.8
,7
,9
,7.6
,8.2
,8
,7.6
,7
,6.6
,7.4
,7.4
,7.2
,7
,6.2
,6
,5.8
,6.6
,6.6
,5.8
,6
,6
,6
,5.8
,6
,6.8
,6.2
,2
,8.4
,20
,30.8
,40
,50.8
,60
,65.4
,69.6
,71.2
,73.2
,73.6
,70.4
,68.6
,66.4
,60.8
,55.2
,47.4
,40.4
,28.6
,18.6
,6.8
,2.4
,6.8
,8.6
,9.2
,8.4
,9
,7.6
,8
,7.2
,6.4
,6.2
,5.8
,6
,5.8
,5.2
,5.2
,5.8
,5.6
,5.6
,5.8
,5.6
,5.2
,5.2
,6
,5.4
,5
,2.2
,4
,8
,23
,32.6
,46.2
,58.2
,36.4
,46
,29.4
,25.8
,22.8
,11.6
,3.2
,2.4
,2.4
,2.2
,1.8
,2.4
,2.2
,3.2
,3
,6
,9
,9
,7.4
,8.2
,8.4
,7.8
,7.4
,7.2
,6
,6.4
,6
,5.4
,5.6
,5
,5.8
,5.4
,5.2
,4.8
,5
,4.8
,5.2
,6
,5.4
,5.8
,5.4
,5.6
,4.6
,4.6
,3.4
,1.6
,1.6
,1.6
,7.6
,10.2
,19.8
,13
,6.8
,3.4
,1.6
,1.4
,1.4
,1.6
,1.8
,3
,4.2
,3.4
,6.2
,8.2
,7.2
,8.4
,8.2
,9
,7.8
,7.2
,7.4
,7.4
,6.8
,7
,6.4
,6
,6
,5.2
,5.4
,5.2
,6.2
,5.6
,5.4
,5.4
,5.2
,5.6
,6.4
,6.8
,5.4
,4.8
,5
,4.4
,3
,1.4
,3
,1.4
,2.8
,3.4
,3
,5.6
,7
,5.6
,7.8
,2.4
,1.8
,1.2
,3
,4.6
,3.8
,5
,4.6
,7.2
,8
,8.4
,7.8
,8.4
,8.4
,9
,9
,6.4
,6.4
,5.6
,5.2
,5.4
,6
,4.6
,5
,6.2
,5.2
,5.2
,6
,5.2
,5.4
,5
,5.8
,6
,6.4
,5
,4
,4.4
,5.6
,4.8
,2.4
,1.6
,3
,16.2
,12.8
,2.6
,4.2
,1.4
,1.8
,1.6
,1.6
,1.8
,1.6
,1.8
,2
,3
,5.6
,6.6
,6.4
,7.6
,8.4
,7.6
,7.4
,7.2
,7
,6.8
,7
,7
,5.6
,5.4
,5.6
,5.4
,5.2
,6.8
,5.8
,5.6
,5.2
,5.8
,5.6
,5
,6.2
,6.6
,4.8
,4.8
,5
,5
,6
,4.8
,3.8
,3.2
,3.6
,2.2
,1.6
,2.2
,2.8
,2
,3.8
,3.6
,1.4
,3.2
,2.2
,2.4
,5.2
,5.6
,6.4
,7.2
,6.8
,9.6
,7.2
,8.2
,8.2
,6.8
,7.8
,7.2
,6.4
,6
,6.2
,5.4
,6
,5.6
,5.8
,5.4
,5.6
,5.6
,5.4
,5.2
,5.4
,5.8
,5
,5.4
,5.2
,4.4
,4.2
,4.8
,2
,1.4
,1
,2
,2.4
,1.6
,1.4
,6.4
,4.6
,16.4
,1.8
,24.8
,23.2
,23.4
,11.4
,18.6
,12.8
,8.2
,2
,6.2
,7.4
,7.4
,7.4
,8.4
,8
,7.4
,8
,6
,6
,5.6
,6.2
,5.8
,6.4
,5
,4.4
,5.4
,5.2
,5
,5.2
,6
,5.4
,4.8
,5
,5.2
,5.2
,4.4
,2.4
,2.4
,6.6
,25
,22.8
,25.6
,38.6
,24.6
,25.6
,23.2
,32
,39.4
,35
,44.2
,31.8
,14.8
,9
,3.2
,1.8
,5.8
,7.4
,7.6
,7.6
,8.4
,8.4
,8
,7.4
,8
,7.4
,7.4
,7.4
,6.4
,5.8
,5.4
,5.8
,5.2
,6
,5.2
,4.8
,4.8
,4.8
,5
,4.8
,6
,4.8
,5.6
,5.6
,3.6
,2.6
,2.8
,4.6
,6.4
,16
,20.8
,45.4
,45.2
,53
,55.8
,45.4
,60.2
,50.4
,36.4
,58.6
,20.2
,25.2
,41
,28.6
,8
,1.4
,2
,5.8
,6.4
,8.4
,7.8
,7.6
,8.4
,7
,6.2
,6
,6
,5
,6.2
,5.6
,5.2
,5.4
,5.4
,5.4
,5.2
,6
,6.2
,5
,5.4
,5.6
,6.6
,3.8
,1.2
,11.6
,23.6
,34.8
,45.4
,22.8
,61.8
,68.4
,68.6
,67.8
,71
,70.4
,72.2
,67.8
,45.4
,28.8
,29.8
,41.4
,24.8
,10.6
,9
,1.8
,4.2
,6.2
,7.6
,7.2
,8
,8
,7
,5.8
,6
,5.4
,5.2
,4.8
,5.8
,4.6
,5.6
,5.8
,5.8
,5.2
,5
,6
,4.8
,5
,5
,5.4
,5.2
,4
,3.6
,10.8
,6.6
,28.4
,45
,52.8
,58.6
,65.2
,67.6
,71.6
,72.8
,74
,71
,72.6
,67.8
,62.6
,56.8
,48.4
,41.8
,29.6
,20
,7.8
,3.8
,5
,7.4
,8.8
,7.8
,8
,6.6
,6.2
,6.6
,6
,5.2
,4.8
,4.6
,4.6
,5.2
,5.8
,5.8
,5.6
,6
,5.6
,5.2
,5
,4.8
,6
,5
,4
,1.6
,14.2
,27.6
,27
,45.8
,52.6
,59.6
,65.2
,69.4
,73.4
,63
,74.4
,70.6
,68.4
,29.6
,27.8
,25.4
,20.8
,13.8
,10.4
,18.4
,10.2
,2.2
,6.4
,7
,9.2
,8
,8.4
,6.8
,7
,6
,5.8
,6.4
,5
,4.8
,4.8
,5.2
,5.8
,6
,5.8
,6.8
,5.4
,5.4
,5.4
,5.8
,6
,5
,4.4
,1.8
,12.4
,24.8
,29
,42
,53.4
,63
,68
,68.8
,70.8
,72.6
,70
,31.8
,71.4
,66.4
,61.8
,56.4
,49.4
,40.6
,30.4
,8.8
,8
,2.2
,5.6
,7.4
,8.6
,8.4
,8
,7.4
,6.4
,6.6
,7.2
,6
,5.2
,4.8
,4.8
,5.2
,5.6
,6.4
,6.4
,5.6
,5.6
,5.2
,5
,5.4
,5.4
,6
,4.6
,2.8
,14.4
,24.8
,35
,42.6
,53.4
,59
,64.2
,68.8
,71.2
,71.6
,70
,72.4
,70.2
,51.2
,53.6
,53.4
,27
,11.8
,15.2
,5.2
,1.8
,7
,9
,7.4
,8.6
,8.2
,9.2
,6.4
,6.2
,6.4
,5.8
,5.8
,5.2
,4.8
,5
,4.6
,5.2
,5.6
,5.6
,6.8
,6.6
,5.6
,4.8
,5.4
,5.4
,5.4
,3.6
,4.4
,10.6
,11.6
,36.6
,48
,51
,41.8
,57
,65.6
,70.2
,70.8
,71
,70.4
,28.6
,26.6
,23.2
,19.6
,16.8
,1.4
,6.2
,6.2
,3.4
,5.2
,6.6
,7.8
,9.6
,9.2
,8.8
,8.2
,8
,7
,6.8
,6.4
,6.2
,6
,5.6
,5.8
,6.2
,6.4
,6.4
,6.6
,6.4
,5.2
,4.6
,5
,5.2
,5
,5.4
,3.4
,2.4
,2.2
,4.2
,2.2
,7.2
,12
,7.8
,5.8
,13.8
,13.8
,68.6
,62.8
,22
,4.8
,11.2
,11.6
,4.6
,6
,2.2
,2.6
,9.2
,2.6
,6.8
,6.8
,7.8
,8.6
,8.2
,7.2
,6.8
,6
,6.2
,5.6
,5.6
,6.4
,5.6
,5.4
,6
,6
,5.8
,6.8
,5.6
,6.2
,4.8
,5.4
,5.6
,5.8
,6.4
,4.8
,1.8
,13
,1.6
,43
,12.8
,1.6
,4.2
,17.4
,66.4
,42.6
,73.4
,67.4
,64.2
,68.6
,59
,7.2
,9.2
,34.2
,32
,19.4
,7.6
,2.2
,5.6
,6.4
,8.8
,9.2
,9
,7.8
,6.4
,6.6
,6
,6
,5.6
,5.4
,6
,5.4
,5.6
,5.8
,5.6
,5.6
,5.6
,6
,5.8
,5.2
,5.6
,5.4
,3.2
,3.4
,13.8
,27
,39
,46.4
,57.6
,58.2
,50.4
,68
,37.4
,33.6
,21.4
,17
,6.2
,4.8
,26.8
,32.8
,4.2
,33.8
,15
,11.2
,6.4
,6.8
,9
,8
,8.4
,8
,8.8
,8
,7.6
,6
,6.6
,6
,5.6
,5.8
,7.2
,6.2
,6.8
,6.4
,6.4
,6.8
,6
,6
,6.6
,5.6
,6.2
,5.6
,6.6
,4.4
,2.2
,3.8
,6
,4.8
,7.2
,2
,9.4
,5.6
,13.6
,43.4
,26.6
,3.2
,4.6
,7.6
,40.2
,11.4
,1.4
,5
,9.8
,3.2
,5.8
,7.2
,9.2
,9
,9
,10
,9.8
,7.6
,8.8
,7.4
,6.8
,6.4
,6.6
,5.8
,5.8
,6.6
,6
,6.2
,6
,6.2
,6
,6.2
,7.2
,6
,6.8
,7
,4
,4.4
,1.2
,1.4
,7.6
,31.4
,51.4
,58
,46.6
,71.6
,70.6
,59.4
,20.2
,32
,29.4
,27.8
,12.4
,23.4
,55.8
,44.6
,14.8
,8
,2
,3.2
,6.4
,8
,10
,9.4
,9.4
,8.4
,8
,9.2
,7.6
,6.8
,6.4
,6.2
,5.8
,6.4
,6.2
,6.2
,6.2
,6.6
,6.2
,7
,7
,6
,6.4
,5.4
,2.2
,3.6
,14
,25.4
,36.4
,47.4
,56
,63.4
,68
,70.6
,71.4
,74.2
,74.4
,73.4
,69
,67
,61.6
,57
,49.6
,41.6
,29.6
,17.6
,8
,2.6
,7.6
,10
,10.6
,8.4
,8.6
,8.4
,9
,9.4
,8.4
,7
,6.6
,6.2
,6.6
,6.4
,7.6
,7
,7
,6.4
,6.2
,7.2
,7
,6.8
,7.2
,6
,3.4
,4.4
,12.6
,25.8
,35
,44.8
,52
,59.4
,64.2
,65.6
,66
,67.8
,66.6
,67.4
,64.6
,64.6
,58
,52.4
,46.2
,38.6
,28.6
,15.4
,5.6
,3.8
,8.8
,14.4
,16.4
,17.2
,14.4
,11.4
,11.4
,11.4
,9.8
,7.8
,8.6
,7.8
,7.8
,7.4
,8.6
,8
,7.2
,7
,7
,6.6
,6.2
,6
,6.4
,7.2
,3.4
,4.6
,14.2
,21.6
,28.6
,37.6
,48.6
,53.2
,54.8
,66.8
,67.2
,68.2
,57.6
,66.2
,60.2
,60.6
,51.2
,41
,35.4
,35
,31.6
,23.4
,8
,2.8
,5
,6.6
,8.4
,11
,9.8
,8.6
,7.2
,6.4
,6.2
,7
,5.6
,5.4
,5.6
,5.6
,5.8
,5.6
,5.8
,6
,5.2
,5.8
,5.4
,5.2
,6
,5.8
,3.2
,4.4
,13.2
,23.4
,35.6
,43.8
,51.2
,55.6
,62.4
,66.4
,69
,69.8
,68.4
,66
,55.6
,53
,58.2
,50.4
,44.4
,36.6
,28.4
,18.8
,3.4
,5.4
,6.4
,6.8
,8.4
,7.8
,8.2
,7.4
,6.2
,6
,5.6
,5.8
,5.4
,6.2
,5
,5.4
,5.8
,5.6
,5.2
,5.4
,6.2
,5.4
,4.6
,4.6
,5.4
,4.4
,3.2
,3.4
,13.6
,24.2
,34.6
,43.2
,51.4
,55.2
,62.6
,66
,68.8
,70.6
,66.8
,66
,55
,64.6
,47.6
,27.6
,34
,18.4
,16.2
,20.4
,8.4
,4.6
,7.6
,7
,8
,8.6
,8.4
,7.6
,6.8
,6
,5.2
,5.2
,4.6
,4.4
,4.6
,4.6
,4.8
,5
,5
,5.8
,5.4
,5
,4
,5
,5.2
,6.4
,4.2
,2.2
,4
,12.4
,19
,30.6
,39.8
,47.4
,51.4
,62.8
,63.8
,60.6
,63
,60.4
,64.8
,58.6
,58.4
,50.4
,45
,44.8
,32
,19.4
,8.6
,1.4
,4.2
,7.2
,8.2
,8.2
,7.4
,7.4
,7
,5.6
,5.2
,5
,4.8
,4.6
,4.4
,5
,4.8
,5
,5
,5
,5.4
,4.8
,4.2
,4.8
,5
,3.2
,2.6
,5.6
,16.8
,27.2
,36.6
,46
,52.6
,58
,65
,67
,67.8
,68.6
,67.2
,65.8
,63.4
,63
,58.4
,53.6
,46.8
,36.6
,20.6
,18
,7
,2.4
,5.6
,6.6
,8.6
,9
,7.8
,6.4
,7
,6.6
,5.8
,5.6
,4.8
,5.2
,5.2
,5.8
,5.8
,5.4
,6.2
,5.6
,5.2
,5.4
,5
,4.6
,5.4
,4.6
,2
,5.8
,15.8
,27.2
,37.8
,46.8
,52.8
,58.4
,63.2
,68
,69.8
,68.8
,68.8
,66.8
,65.8
,66
,61
,54.8
,47.6
,37.4
,29.6
,18
,5
,4.2
,3.6
,6.2
,7.6
,9.2
,7.8
,5.8
,5
,5.2
,4.6
,4
,5.8
,5
,4
,4.6
,5.2
,4.6
,4.4
,4.8
,5.6
,4.8
,4.2
,4.2
,5.2
,3.2
,3.2
,2.2
,0
,28.4
,36.4
,46.2
,54
,57
,50.6
,37.2
,69.6
,53.6
,61.4
,61.2
,53.6
,64.8
,59.8
,56
,46.6
,39.2
,21
,17.6
,3.8
,3.6
,5.8
,7.4
,9.2
,9.8
,8.2
,7.4
,6.8
,5.6
,5.2
,4.6
,4
,4.2
,4
,4.6
,5.2
,4.6
,4.4
,4.2
,4.4
,4.4
,4.2
,4
,4.8
,3.6
,2.8
,7
,16
,27.8
,36.4
,42.4
,30.6
,56.4
,59.2
,64.6
,66.8
,63.4
,59.4
,52
,49.8
,53.4
,30.4
,13
,7.8
,3
,2.8
,4.8
,2.4
,2.6
,5.6
,6.2
,8
,7.2
,7
,6.4
,6.6
,5.2
,5.4
,5
,5.2
,5.2
,5
,5.8
,5.6
,5.4
,5.4
,6
,5
,5.6
,5.6
,4.8
,5.4
,4.6
,4
,3.6
,4.6
,3.4
,2.6
,2.6
,3
,3.6
,3.2
,2.6
,1.4
,4.4
,8.2
,6.2
,4.4
,10.2
,11.2
,10
,3.4
,2
,2
,2
,2
,2.6
,5.6
,7.2
,10
,9.4
,8.2
,7.8
,6.2
,5.8
,5.2
,6.2
,4.8
,4.8
,4.8
,4.8
,5.6
,5
,6.4
,5.4
,5.4
,5.2
,5.2
,5.2
,5.4
,5.6
,2
,7.6
,16.6
,27.4
,22.2
,47.6
,53.4
,60
,64.4
,67.8
,68.4
,57.6
,40.2
,29.6
,27.6
,59.2
,52.4
,16.8
,47.6
,35
,28.4
,8
,7.4
,3.2
,7.8
,8
,10.2
,10.2
,8.8
,8.8
,8.2
,6.6
,6.2
,6
,5
,5
,5.2
,6
,5.6
,5.6
,5.8
,5.6
,5.6
,5.6
,6.2
,5.4
,5.2
,2.8
,2
,7
,15.8
,27.6
,37.8
,49.4
,54.4
,62.2
,67.2
,68.8
,72
,69.8
,70.6
,69.4
,56.8
,69.2
,31.2
,50.8
,20.6
,35.4
,28.6
,18
,7.4
,3.8
,5.2
,9.6
,12.2
,12.4
,11.2
,9.6
,10.2
,8.8
,8.6
,8
,7.4
,7.2
,7.2
,8
,6.8
,6.8
,7.2
,7
,7
,6.4
,7
,6.6
,5.8
,7
,3.6
,3
,3.4
,27
,36.2
,39
,54.8
,56.8
,61
,66
,62.8
,65.6
,38.2
,66
,63.6
,57.6
,56.4
,38.8
,49.2
,22
,28.4
,18.2
,3.8
,4.4
,8.6
,10.8
,11.2
,12.8
,13.4
,13.4
,11
,10.4
,9.6
,8.8
,8.6
,8.6
,8.6
,8.8
,9
,9.2
,9
,10.2
,9
,9
,9
,9.2
,9.6
,8.4
,6.6
,5.8
,17
,19.6
,12
,35.8
,32.2
,26.2
,23.4
,46.8
,36.2
,66
,35.4
,39
,29.6
,21
,6.8
,6.2
,6
,5.4
,4
,5.2
,6
,9.2
,14.4
,17.4
,20.4
,20.8
,20.4
,19.2
,15.4
,16.8
,15
,12.4
,11.6
,11.8
,11
,10.6
,11.2
,12.2
,10.2
,10.6
,10
,10.2
,9.6
,7
,8.2
,10.4
,8
,3.2
,2.8
,5.6
,14.2
,8.6
,9.4
,8.2
,8.2
,8.6
,17.2
,24.2
,22.2
,51.8
,21.2
,46.4
,52.4
,47.4
,40.4
,31.4
,22.4
,13
,7.2
,14.4
,18.6
,22
,25.2
,23.2
,18.6
,17.4
,15.4
,16
,15.4
,12
,11.4
,11
,11
,10.2
,10
,8.8
,6.6
,7
,6.8
,7
,7
,7.6
,9.2
,9
,5.4
,6.4
,11.4
,19
,31.6
,37.8
,45.2
,46.6
,50.8
,54.6
,55.4
,54.4
,52.4
,40.8
,35.8
,37.2
,54.4
,44.6
,35.4
,27.8
,20.2
,10.6
,13
,14.6
,22.8
,22.6
,26
,25.2
,23.6
,21.6
,20.2
,17
,17.8
,15
,13.6
,11.8
,11.2
,11.6
,12.2
,11.6
,10.6
,9.2
,9
,9.2
,8.8
,9.8
,8.6
,10.2
,9.8
,7.4
,12.6
,20.8
,27.8
,38
,42.4
,47
,48.8
,56.2
,60.4
,57.8
,55.6
,54.6
,41.2
,48.2
,38.6
,22.6
,31.2
,8.8
,9
,12.8
,14.8
,15.2
,17
,20.4
,23.6
,24.8
,23.2
,20.4
,17.2
,16.6
,17.4
,14.6
,13.8
,13
,13.2
,13.2
,12.2
,13.2
,11
,11.4
,11
,11.2
,11.4
,11.8
,11
,6
,4.6
,4.4
,6.8
,18
,28.4
,36.8
,46.2
,50.6
,56.8
,58.4
,65
,63.2
,66.4
,66
,64.2
,61.4
,56.8
,50.8
,19.2
,30.2
,26.2
,18
,7.4
,11.6
,11
,12.4
,14.4
,15.4
,14
,14.2
,12.8
,11
,11
,10.4
,11.6
,10.4
,11.8
,11.8
,11.2
,11.6
,12.2
,10.4
,10.2
,10.6
,10.8
,10.4
,11.2
,7.8
,7
,6.8
,14.8
,22.8
,32.4
,41.6
,46.6
,26.8
,27.4
,55.2
,24.2
,16.6
,32
,20
,16.2
,10.4
,10.6
,13.6
,14
,28
,9
,10.4
,14.8
,14.4
,19.4
,23
,24.8
,22.8
,20.8
,19.6
,19.2
,17.2
,16
,15
,15.4
,15.4
,15.8
,16.6
,15.2
,15.2
,12.6
,13.2
,12.6
,11.6
,9.8
,10.2
,10.6
,10.6
,12.4
,9
,12.4
,21
,31.4
,36.2
,43.2
,46.2
,47.6
,37.6
,31.6
,39.6
,17.4
,13.8
,12.2
,57.8
,20.4
,12.2
,8.2
,2.4
,28
,6.6
,7.8
,10.4
,8.2
,8.2
,11.4
,10.8
,9.6
,8.6
,8.2
,9.6
,9.6
,7.4
,7.2
,6.8
,6.6
,7.8
,8.6
,7.4
,7.6
,6.8
,7.2
,6.8
,8
,7.6
,7.2
,5.4
,2.6
,7.2
,16
,25.8
,36
,43.6
,48.6
,56.4
,61.8
,66.2
,63.6
,62.4
,63.2
,52.4
,63.2
,58
,50.6
,45.8
,42
,34.6
,25.6
,14.8
,9.4
,11.6
,14.4
,14.4
,19.4
,20.2
,21.2
,20.4
,17.8
,17
,16.6
,14.8
,13.2
,13
,13.8
,13.2
,13
,12.6
,11.4
,10.4
,11.4
,10
,10.2
,9.2
,9.6
,6.8
,4.2
,5.6
,6
,6.8
,32.2
,49.4
,21
,25.2
,30.2
,40.4
,50.6
,58.6
,59.2
,26
,15
,13
,13
,13.2
,12.8
,9.8
,11.6
,14
,16
,12.8
,17.4
,22.6
,27.2
,28.6
,27.2
,27
,24.4
,19.8
,19
,16.8
,15.8
,16.2
,15.4
,13.4
,13.8
,13.2
,13.2
,13.6
,14.2
,13.8
,13.4
,12.8
,14
,11.8
,10.6
,7.8
,14.2
,22.2
,29.4
,42.6
,36.6
,44.4
,50.4
,54.4
,54.2
,52.6
,42.8
,49
,45.6
,46.2
,30.2
,37.6
,36.6
,26.8
,17.6
,13.8
,20.4
,26.2
,27.8
,30.2
,31.8
,30.6
,30.8
,29
,23.8
,21.2
,19.2
,20.2
,20.2
,19.8
