Date,W1
1981-01-01,98.85
1981-01-02,161.76
1981-01-03,331.37
1981-01-04,149.32
1981-01-05,29.88
1981-01-06,220.92
1981-01-07,30.04
1981-01-08,203.52
1981-01-09,98.94
1981-01-10,231.6
1981-01-11,386.43
1981-01-12,153.4
1981-01-13,149.07
1981-01-14,225.07
1981-01-15,30.05
1981-01-16,205.3
1981-01-17,30.02
1981-01-18,108.57
1981-01-19,287.89
1981-01-20,99.14
1981-01-21,333.65
1981-01-22,152.03
1981-01-23,147.26
1981-01-24,207.9
1981-01-25,30.04
1981-01-26,30.17
1981-01-27,225.08
1981-01-28,99.8
1981-01-29,275.08
1981-01-30,163.65
1981-01-31,155.33
1981-02-01,340.31
1981-02-02,30.08
1981-02-03,30.15
1981-02-04,223.21
1981-02-05,29.8
1981-02-06,278.42
1981-02-07,99.56
1981-02-08,29.76
1981-02-09,351.97
1981-02-10,152.38
1981-02-11,203.9
1981-02-12,30.06
1981-02-13,29.99
1981-02-14,214.47
1981-02-15,105.88
1981-02-16,99.78
1981-02-17,422.99
1981-02-18,158.1
1981-02-19,328.8
1981-02-20,29.9
1981-02-21,29.84
1981-02-22,222.55
1981-02-23,29.9
1981-02-24,286.25
1981-02-25,99.3
1981-02-26,99.08
1981-02-27,339.82
1981-02-28,154.37
1981-03-01,148.97
1981-03-02,223.9
1981-03-03,29.9
1981-03-04,204.26
1981-03-05,29.88
1981-03-06,99.53
1981-03-07,287.55
1981-03-08,165.01
1981-03-09,157.36
1981-03-10,349.02
1981-03-11,29.91
1981-03-12,206.77
1981-03-13,29.76
1981-03-14,29.7
1981-03-15,293.74
1981-03-16,99.23
1981-03-17,272.37
1981-03-18,174
1981-03-19,166.47
1981-03-20,233.28
1981-03-21,95.47
1981-03-22,247.25
1981-03-23,151.39
1981-03-24,109.18
1981-03-25,277.05
1981-03-26,98.88
1981-03-27,195.16
1981-03-28,378.28
1981-03-29,187.52
1981-03-30,233.24
1981-03-31,252.32
1981-04-01,1004.11
1981-04-02,296.26
1981-04-03,99.14
1981-04-04,98.93
1981-04-05,223.34
1981-04-06,162.84
1981-04-07,327.69
1981-04-08,148.12
1981-04-09,29.23
1981-04-10,209.07
1981-04-11,29.48
1981-04-12,101.58
1981-04-13,291.89
1981-04-14,97.67
1981-04-15,205.16
1981-04-16,158.31
1981-04-17,151.81
1981-04-18,29.44
1981-04-19,29.34
1981-04-20,207.4
1981-04-21,109.66
1981-04-22,99.32
1981-04-23,291.78
1981-04-24,29.51
1981-04-25,379.51
1981-04-26,349.27
1981-04-27,302.94
1981-04-28,365.41
1981-04-29,135.98
1981-04-30,29.19
1981-05-01,297.12
1981-05-02,99.29
1981-05-03,204.59
1981-05-04,29.5
1981-05-05,157.48
1981-05-06,344.78
1981-05-07,29.49
1981-05-08,201.96
1981-05-09,29.46
1981-05-10,100.82
1981-05-11,280.96
1981-05-12,29.33
1981-05-13,29.33
1981-05-14,162.79
1981-05-15,154.74
1981-05-16,324.46
1981-05-17,28.99
1981-05-18,29.26
1981-05-19,300.56
1981-05-20,97.7
1981-05-21,269.56
1981-05-22,29.19
1981-05-23,29.07
1981-05-24,334.51
1981-05-25,150.46
1981-05-26,29.52
1981-05-27,224.62
1981-05-28,29.56
1981-05-29,271.86
1981-05-30,98.14
1981-05-31,29.6
1981-06-01,210.19
1981-06-02,165.41
1981-06-03,193.17
1981-06-04,372.09
1981-06-05,60.28
1981-06-06,242.21
1981-06-07,142.71
1981-06-08,1410.04
1981-06-09,320.55
1981-06-10,66.38
1981-06-11,64.68
1981-06-12,396
1981-06-13,188.13
1981-06-14,355.12
1981-06-15,60.15
1981-06-16,149.05
1981-06-17,410.56
1981-06-18,215.24
1981-06-19,317.96
1981-06-20,144.65
1981-06-21,143.44
1981-06-22,459.03
1981-06-23,265.13
1981-06-24,29.92
1981-06-25,223.04
1981-06-26,101.41
1981-06-27,274.39
1981-06-28,98.51
1981-06-29,29.58
1981-06-30,219.18
1981-07-01,29.64
1981-07-02,157.17
1981-07-03,343.03
1981-07-04,29.66
1981-07-05,286.87
1981-07-06,98.91
1981-07-07,98.85
1981-07-08,219.86
1981-07-09,29.75
1981-07-10,29.8
1981-07-11,358.86
1981-07-12,154.54
1981-07-13,325.45
1981-07-14,29.8
1981-07-15,99.45
1981-07-16,285.54
1981-07-17,29.46
1981-07-18,29.7
1981-07-19,221.85
1981-07-20,29.5
1981-07-21,337.42
1981-07-22,153.5
1981-07-23,229.24
1981-07-24,291.83
1981-07-25,99.21
1981-07-26,202.85
1981-07-27,29.8
1981-07-28,29.79
1981-07-29,206.36
1981-07-30,29.84
1981-07-31,159.78
1981-08-01,429.37
1981-08-02,99.73
1981-08-03,278.43
1981-08-04,29.43
1981-08-05,227.8
1981-08-06,29.69
1981-08-07,223.39
1981-08-08,29.7
1981-08-09,339.67
1981-08-10,154.28
1981-08-11,398.95
1981-08-12,296.27
1981-08-13,98.9
1981-08-14,203.3
1981-08-15,224.16
1981-08-16,29.75
1981-08-17,202.66
1981-08-18,221.59
1981-08-19,157.88
1981-08-20,323.19
1981-08-21,304.32
1981-08-22,99.87
1981-08-23,272.23
1981-08-24,29.68
1981-08-25,29.07
1981-08-26,204.65
1981-08-27,138.19
1981-08-28,275.16
1981-08-29,409.88
1981-08-30,2073.6
1981-08-31,337.97
1981-09-01,478.42
1981-09-02,174.07
1981-09-03,407.05
1981-09-04,301.4
1981-09-05,108.69
1981-09-06,414.88
1981-09-07,644.93
1981-09-08,440.63
1981-09-09,488.61
1981-09-10,415.55
1981-09-11,288.65
1981-09-12,353.71
1981-09-13,101.53
1981-09-14,227.89
1981-09-15,402.69
1981-09-16,220.4
1981-09-17,106.93
1981-09-18,278.53
1981-09-19,102.35
1981-09-20,107.96
1981-09-21,366.54
1981-09-22,176.11
1981-09-23,306.65
1981-09-24,405.76
1981-09-25,227.56
1981-09-26,107.67
1981-09-27,285.37
1981-09-28,179.8
1981-09-29,185.04
1981-09-30,370.77
1981-10-01,140.8
1981-10-02,299.3
1981-10-03,526.65
1981-10-04,158.57
1981-10-05,29.5
1981-10-06,219.76
1981-10-07,29.51
1981-10-08,29.51
1981-10-09,221.55
1981-10-10,162.54
1981-10-11,328.76
1981-10-12,417.26
1981-10-13,100.24
1981-10-14,202.66
1981-10-15,220.36
1981-10-16,29.6
1981-10-17,202.75
1981-10-18,222.24
1981-10-19,160.14
1981-10-20,332.47
1981-10-21,150.92
1981-10-22,100.42
1981-10-23,275.35
1981-10-24,29.77
1981-10-25,29.5
1981-10-26,206.06
1981-10-27,29.74
1981-10-28,29.73
1981-10-29,340.28
1981-10-30,154.03
1981-10-31,149.13
1981-11-01,282.26
1981-11-02,100.51
1981-11-03,70.37
1981-11-04,215.91
1981-11-05,29.84
1981-11-06,29.94
1981-11-07,356.35
1981-11-08,158.19
1981-11-09,151.89
1981-11-10,225.16
1981-11-11,116
1981-11-12,317.49
1981-11-13,293.27
1981-11-14,29.92
1981-11-15,205.47
1981-11-16,29.81
1981-11-17,162.22
1981-11-18,331.33
1981-11-19,149.22
1981-11-20,29.88
1981-11-21,209.45
1981-11-22,103.74
1981-11-23,100.85
1981-11-24,287.26
1981-11-25,29.66
1981-11-26,29.91
1981-11-27,354.03
1981-11-28,153.62
1981-11-29,203.61
1981-11-30,224.95
1981-12-01,29.9
1981-12-02,204.22
1981-12-03,99.95
1981-12-04,100.1
1981-12-05,207.26
1981-12-06,165.07
1981-12-07,157.47
1981-12-08,338.72
1981-12-09,29.86
1981-12-10,29.92
1981-12-11,224.62
1981-12-12,30
1981-12-13,275.79
1981-12-14,294.58
1981-12-15,29.77
1981-12-16,337.93
1981-12-17,155.09
1981-12-18,149.42
1981-12-19,206.45
1981-12-20,30.01
1981-12-21,29.93
1981-12-22,214.27
1981-12-23,110.17
1981-12-24,100.49
1981-12-25,293.12
1981-12-26,160.76
1981-12-27,153.28
1981-12-28,346.42
1981-12-29,29.9
1981-12-30,205.71
1981-12-31,29.9
1982-01-01,29.85
1982-01-02,211.41
1982-01-03,100.06
1982-01-04,99.77
1982-01-05,353.71
1982-01-06,152.67
1982-01-07,203.41
1982-01-08,29.73
1982-01-09,29.65
1982-01-10,207.53
1982-01-11,29.94
1982-01-12,29.88
1982-01-13,298.89
1982-01-14,232.53
1982-01-15,401.24
1982-01-16,165.18
1982-01-17,44.25
1982-01-18,218.65
1982-01-19,93.31
1982-01-20,99.63
1982-01-21,220.85
1982-01-22,1311.32
1982-01-23,201.74
1982-01-24,232.83
1982-01-25,224.04
1982-01-26,325.75
1982-01-27,1415.57
1982-01-28,130.14
1982-01-29,1279.25
1982-01-30,1046.64
1982-01-31,3082.98
1982-02-01,1132.23
1982-02-02,390
1982-02-03,2423.32
1982-02-04,269.32
1982-02-05,256.96
1982-02-06,78.07
1982-02-07,226.15
1982-02-08,236.13
1982-02-09,419.49
1982-02-10,228.97
1982-02-11,208.64
1982-02-12,163.8
1982-02-13,402.12
1982-02-14,498.24
1982-02-15,233.33
1982-02-16,409.21
1982-02-17,242.46
1982-02-18,245.33
1982-02-19,409.14
1982-02-20,316.86
1982-02-21,468.47
1982-02-22,747.73
1982-02-23,282.73
1982-02-24,172.26
1982-02-25,1581.31
1982-02-26,664.81
1982-02-27,29.26
1982-02-28,211.05
1982-03-01,29.44
1982-03-02,29.68
1982-03-03,345.52
1982-03-04,230.29
1982-03-05,1099.71
1982-03-06,289.18
1982-03-07,29.63
1982-03-08,29.64
1982-03-09,218.53
1982-03-10,29.67
1982-03-11,29.9
1982-03-12,354.83
1982-03-13,156.74
1982-03-14,2321.64
1982-03-15,444.23
1982-03-16,133.35
1982-03-17,237.85
1982-03-18,971.31
1982-03-19,688.11
1982-03-20,242.55
1982-03-21,297.12
1982-03-22,280.48
1982-03-23,435.09
1982-03-24,447.18
1982-03-25,68.49
1982-03-26,65.04
1982-03-27,253.75
1982-03-28,66.55
1982-03-29,66.93
1982-03-30,248.73
1982-03-31,129.94
1982-04-01,441.89
1982-04-02,448.5
1982-04-03,177.19
1982-04-04,2087.31
1982-04-05,255.3
1982-04-06,63.78
1982-04-07,230.6
1982-04-08,249.56
1982-04-09,395.31
1982-04-10,431.63
1982-04-11,391.89
1982-04-12,227.62
1982-04-13,278.78
1982-04-14,301.43
1982-04-15,111.63
1982-04-16,251.24
1982-04-17,271.56
1982-04-18,158.16
1982-04-19,406.1
1982-04-20,224.91
1982-04-21,1618.74
1982-04-22,205.63
1982-04-23,586
1982-04-24,255.11
1982-04-25,204.66
1982-04-26,178.87
1982-04-27,1010.44
1982-04-28,345.4
1982-04-29,232.24
1982-04-30,224.88
1982-05-01,333.46
1982-05-02,29.68
1982-05-03,29.65
1982-05-04,220.06
1982-05-05,111.94
1982-05-06,101.68
1982-05-07,294.62
1982-05-08,29.52
1982-05-09,336.46
1982-05-10,347.04
1982-05-11,148.63
1982-05-12,202.5
1982-05-13,225.29
1982-05-14,29.71
1982-05-15,277.09
1982-05-16,100.82
1982-05-17,99.67
1982-05-18,206.1
1982-05-19,162.39
1982-05-20,153.96
1982-05-21,328.56
1982-05-22,29.6
1982-05-23,29.77
1982-05-24,301.09
1982-05-25,100.5
1982-05-26,1177.9
1982-05-27,220.61
1982-05-28,29.09
1982-05-29,334.68
1982-05-30,347.65
1982-05-31,148.77
1982-06-01,234.31
1982-06-02,62.2
1982-06-03,134.86
1982-06-04,327.91
1982-06-05,67.85
1982-06-06,135.66
1982-06-07,299.31
1982-06-08,245.01
1982-06-09,190.85
1982-06-10,376.37
1982-06-11,68.81
1982-06-12,133.77
1982-06-13,362.15
1982-06-14,96.41
1982-06-15,269.09
1982-06-16,144.99
1982-06-17,273.92
1982-06-18,457.78
1982-06-19,101.09
1982-06-20,104.35
1982-06-21,348.49
1982-06-22,170.57
1982-06-23,127.73
1982-06-24,249.39
1982-06-25,56.86
1982-06-26,58.42
1982-06-27,381.42
1982-06-28,373.27
1982-06-29,438.05
1982-06-30,228.26
1982-07-01,215.05
1982-07-02,386.66
1982-07-03,143.51
1982-07-04,99.03
1982-07-05,278
1982-07-06,233.75
1982-07-07,305.47
1982-07-08,411.12
1982-07-09,107.52
1982-07-10,177.37
1982-07-11,372.65
1982-07-12,110.26
1982-07-13,285.11
1982-07-14,99.32
1982-07-15,163.17
1982-07-16,334.69
1982-07-17,151.54
1982-07-18,29.83
1982-07-19,300.18
1982-07-20,103.4
1982-07-21,276.03
1982-07-22,29.73
1982-07-23,29.73
1982-07-24,333.39
1982-07-25,157.99
1982-07-26,326.07
1982-07-27,225.42
1982-07-28,113.18
1982-07-29,276.7
1982-07-30,100.73
1982-07-31,29.81
1982-08-01,205.2
1982-08-02,29.93
1982-08-03,160.82
1982-08-04,329.83
1982-08-05,148.76
1982-08-06,29.99
1982-08-07,280.85
1982-08-08,102.44
1982-08-09,100.61
1982-08-10,204.89
1982-08-11,30.01
1982-08-12,165.36
1982-08-13,333.89
1982-08-14,152.05
1982-08-15,30.02
1982-08-16,288.39
1982-08-17,103.47
1982-08-18,101.37
1982-08-19,205.44
1982-08-20,29.85
1982-08-21,29.71
1982-08-22,339.36
1982-08-23,155.06
1982-08-24,150.02
1982-08-25,206.83
1982-08-26,100.71
1982-08-27,101.2
1982-08-28,277.71
1982-08-29,30.22
1982-08-30,30.15
1982-08-31,207.06
1982-09-01,161.07
1982-09-02,154.39
1982-09-03,207.17
1982-09-04,112.14
1982-09-05,103.38
1982-09-06,280.14
1982-09-07,30.1
1982-09-08,30.13
1982-09-09,213.36
1982-09-10,30.12
1982-09-11,160.02
1982-09-12,346.03
1982-09-13,30.2
1982-09-14,101.2
1982-09-15,295.42
1982-09-16,99.85
1982-09-17,203.48
1982-09-18,225.89
1982-09-19,30.17
1982-09-20,204.25
1982-09-21,359.67
1982-09-22,153.79
1982-09-23,278.95
1982-09-24,294.89
1982-09-25,100.23
1982-09-26,205.64
1982-09-27,30.22
1982-09-28,30.18
1982-09-29,207.07
1982-09-30,30.19
1982-10-01,161.23
1982-10-02,418.39
1982-10-03,100.17
1982-10-04,100.24
1982-10-05,217.82
1982-10-06,30.4
1982-10-07,30.12
1982-10-08,220.71
1982-10-09,30.13
1982-10-10,29.92
1982-10-11,354.58
1982-10-12,224.26
1982-10-13,407.85
1982-10-14,293.72
1982-10-15,29.83
1982-10-16,202.83
1982-10-17,235.26
1982-10-18,29.79
1982-10-19,204.13
1982-10-20,29.76
1982-10-21,242.56
1982-10-22,404.35
1982-10-23,221.05
1982-10-24,29.96
1982-10-25,206.51
1982-10-26,29.92
1982-10-27,29.96
1982-10-28,216.73
1982-10-29,29.77
1982-10-30,110.88
1982-10-31,421.27
1982-11-01,243.39
1982-11-02,165.82
1982-11-03,276.93
1982-11-04,96.34
1982-11-05,29.69
1982-11-06,222.82
1982-11-07,29.65
1982-11-08,201.31
1982-11-09,292.38
1982-11-10,99.91
1982-11-11,336.31
1982-11-12,153.29
1982-11-13,29.77
1982-11-14,204.83
1982-11-15,29.61
1982-11-16,29.68
1982-11-17,205.77
1982-11-18,102.54
1982-11-19,100.51
1982-11-20,277.73
1982-11-21,164.68
1982-11-22,156.25
1982-11-23,339.63
1982-11-24,67.88
1982-11-25,63.55
1982-11-26,254.98
1982-11-27,141.03
1982-11-28,316.5
1982-11-29,395.26
1982-11-30,201.37
1982-12-01,358.63
1982-12-02,184.17
1982-12-03,61.78
1982-12-04,238.51
1982-12-05,60.1
1982-12-06,63.33
1982-12-07,312.79
1982-12-08,129.53
1982-12-09,66.87
1982-12-10,378.62
1982-12-11,181.57
1982-12-12,69.9
1982-12-13,251.63
1982-12-14,57.67
1982-12-15,1178.09
1982-12-16,2481.79
1982-12-17,2221.23
1982-12-18,2363.42
1982-12-19,208.42
1982-12-20,2137.15
1982-12-21,2287.16
1982-12-22,2072.66
1982-12-23,2031.45
1982-12-24,238.31
1982-12-25,71.03
1982-12-26,139.61
1982-12-27,309.59
1982-12-28,73.97
1982-12-29,66.86
1982-12-30,1369.66
1982-12-31,189.25
1983-01-01,182.18
1983-01-02,325.76
1983-01-03,246.94
1983-01-04,270.63
1983-01-05,463.47
1983-01-06,198.64
1983-01-07,235.48
1983-01-08,387.92
1983-01-09,188.07
1983-01-10,352.91
1983-01-11,256.52
1983-01-12,62.94
1983-01-13,233.97
1983-01-14,327.69
1983-01-15,131.67
1983-01-16,2137.83
1983-01-17,62.28
1983-01-18,195.85
1983-01-19,362.42
1983-01-20,182.82
1983-01-21,68.84
1983-01-22,242.09
1983-01-23,140.22
1983-01-24,156.19
1983-01-25,442.04
1983-01-26,198.52
1983-01-27,332.63
1983-01-28,510.65
1983-01-29,311.9
1983-01-30,186.74
1983-01-31,377.97
1983-02-01,185.83
1983-02-02,342.27
1983-02-03,368.06
1983-02-04,111.48
1983-02-05,415.22
1983-02-06,435.21
1983-02-07,234.03
1983-02-08,404.9
1983-02-09,753.26
1983-02-10,112.26
1983-02-11,359.74
1983-02-12,174.42
1983-02-13,170.42
1983-02-14,299.45
1983-02-15,195.26
1983-02-16,194.52
1983-02-17,365.42
1983-02-18,63.74
1983-02-19,62.98
1983-02-20,301.36
1983-02-21,99.85
1983-02-22,99.5
1983-02-23,223.89
1983-02-24,29.83
1983-02-25,338.56
1983-02-26,353.23
1983-02-27,150.35
1983-02-28,204.76
1983-03-01,29.83
1983-03-02,99.7
1983-03-03,276.46
1983-03-04,29.76
1983-03-05,29.75
1983-03-06,209.47
1983-03-07,162.03
1983-03-08,154.34
1983-03-09,340.8
1983-03-10,29.76
1983-03-11,101.27
1983-03-12,294.62
1983-03-13,99.04
1983-03-14,202.42
1983-03-15,220.49
1983-03-16,311.96
1983-03-17,427.14
1983-03-18,264.25
1983-03-19,132.43
1983-03-20,305.36
1983-03-21,61.04
1983-03-22,29.55
1983-03-23,207.22
1983-03-24,29.6
1983-03-25,29.61
1983-03-26,423.7
1983-03-27,227.13
1983-03-28,219.49
1983-03-29,222.49
1983-03-30,29.73
1983-03-31,203.29
1983-04-01,222.88
1983-04-02,95.75
1983-04-03,1143.43
1983-04-04,266.54
1983-04-05,296.41
1983-04-06,520.65
1983-04-07,337.62
1983-04-08,221.32
1983-04-09,403.17
1983-04-10,214.73
1983-04-11,216.37
1983-04-12,480.34
1983-04-13,277.87
1983-04-14,416.31
1983-04-15,530.16
1983-04-16,335.29
1983-04-17,384.59
1983-04-18,211.13
1983-04-19,174.65
1983-04-20,404.88
1983-04-21,238.18
1983-04-22,351.72
1983-04-23,501.06
1983-04-24,265.98
1983-04-25,90.43
1983-04-26,289.88
1983-04-27,92.65
1983-04-28,202.05
1983-04-29,226.36
1983-04-30,102.06
1983-05-01,408.64
1983-05-02,225.66
1983-05-03,150.76
1983-05-04,208.49
1983-05-05,29.81
1983-05-06,29.86
1983-05-07,221.33
1983-05-08,29.49
1983-05-09,111.01
1983-05-10,293.69
1983-05-11,229.72
1983-05-12,327.96
1983-05-13,147.8
1983-05-14,29.57
1983-05-15,204.19
1983-05-16,29.56
1983-05-17,29.61
1983-05-18,213.56
1983-05-19,293.89
1983-05-20,228.06
1983-05-21,346.36
1983-05-22,147.75
1983-05-23,203.7
1983-05-24,29.84
1983-05-25,29.88
1983-05-26,206.67
1983-05-27,29.93
1983-05-28,100.99
1983-05-29,425.73
1983-05-30,226.77
1983-05-31,325.23
1983-06-01,670.02
1983-06-02,29.66
1983-06-03,204.58
1983-06-04,29.57
1983-06-05,29.75
1983-06-06,284.86
1983-06-07,100.51
1983-06-08,233.78
1983-06-09,351.52
1983-06-10,151.04
1983-06-11,204.54
1983-06-12,29.88
1983-06-13,29.79
1983-06-14,205.69
1983-06-15,114.77
1983-06-16,99.69
1983-06-17,288.57
1983-06-18,164.24
1983-06-19,155.69
1983-06-20,342.79
1983-06-21,29.81
1983-06-22,204.7
1983-06-23,29.91
1983-06-24,29.79
1983-06-25,279.44
1983-06-26,100.01
1983-06-27,30.02
1983-06-28,358.44
1983-06-29,156.22
1983-06-30,324.77
1983-07-01,29.82
1983-07-02,29.7
1983-07-03,206.43
1983-07-04,102.35
1983-07-05,99.95
1983-07-06,292.23
1983-07-07,29.85
1983-07-08,337.16
1983-07-09,158.32
1983-07-10,152.23
1983-07-11,209.15
1983-07-12,29.91
1983-07-13,112.61
1983-07-14,293.99
1983-07-15,99.49
1983-07-16,203
1983-07-17,29.75
1983-07-18,29.67
1983-07-19,337.46
1983-07-20,153.08
1983-07-21,29.79
1983-07-22,223.64
1983-07-23,102.45
1983-07-24,275.48
1983-07-25,29.79
1983-07-26,29.76
1983-07-27,206.32
1983-07-28,65.46
1983-07-29,199.08
1983-07-30,414.03
1983-07-31,193.08
1983-08-01,322.78
1983-08-02,149.02
1983-08-03,229.09
1983-08-04,332.45
1983-08-05,149.17
1983-08-06,29.8
1983-08-07,256.29
1983-08-08,197.22
1983-08-09,190.27
1983-08-10,465.03
1983-08-11,129.81
1983-08-12,305.85
1983-08-13,59.67
1983-08-14,62.45
1983-08-15,249.84
1983-08-16,29.45
1983-08-17,29.38
1983-08-18,223.57
1983-08-19,161.04
1983-08-20,402.35
1983-08-21,217.58
1983-08-22,29.43
1983-08-23,215.62
1983-08-24,29.32
1983-08-25,29.27
1983-08-26,222.16
1983-08-27,29.45
1983-08-28,204.58
1983-08-29,98.9
1983-08-30,229.92
1983-08-31,343.9
1983-09-01,146.71
1983-09-02,202.49
1983-09-03,29.63
1983-09-04,29.66
1983-09-05,208.54
1983-09-06,29.51
1983-09-07,109.77
1983-09-08,442.15
1983-09-09,252.13
1983-09-10,483.67
1983-09-11,197.83
1983-09-12,300.55
1983-09-13,374.81
1983-09-14,187.05
1983-09-15,136.59
1983-09-16,227.23
1983-09-17,99.72
1983-09-18,275.75
1983-09-19,29.66
1983-09-20,29.67
1983-09-21,347.05
1983-09-22,154.83
1983-09-23,148.92
1983-09-24,222.5
1983-09-25,29.63
1983-09-26,278.04
1983-09-27,99.71
1983-09-28,98.49
1983-09-29,219.52
1983-09-30,29.31
1983-10-01,29.18
1983-10-02,357
1983-10-03,153.58
1983-10-04,326.23
1983-10-05,29.31
1983-10-06,99.04
1983-10-07,284.35
1983-10-08,28.97
1983-10-09,29.31
1983-10-10,221.25
1983-10-11,30.02
1983-10-12,202.91
1983-10-13,162.49
1983-10-14,195.65
1983-10-15,444.04
1983-10-16,137.82
1983-10-17,1392.7
1983-10-18,261.38
1983-10-19,63.42
1983-10-20,238.27
1983-10-21,62.25
1983-10-22,66.65
1983-10-23,468.85
1983-10-24,351.4
1983-10-25,335.2
1983-10-26,409.42
1983-10-27,145.29
1983-10-28,204.78
1983-10-29,61.58
1983-10-30,61.76
1983-10-31,1807.75
1983-11-01,1644.28
1983-11-02,1738.57
1983-11-03,1972.25
1983-11-04,218.54
1983-11-05,272.08
1983-11-06,29.39
1983-11-07,136.64
1983-11-08,210.54
1983-11-09,29.36
1983-11-10,29.22
1983-11-11,220.75
1983-11-12,236.04
1983-11-13,227.75
1983-11-14,344.06
1983-11-15,29.38
1983-11-16,202.41
1983-11-17,223.99
1983-11-18,29.47
1983-11-19,204.58
1983-11-20,29.48
1983-11-21,101.32
1983-11-22,278.75
1983-11-23,229.11
1983-11-24,152.7
1983-11-25,224.49
1983-11-26,29.38
1983-11-27,203.09
1983-11-28,29.39
1983-11-29,29.52
1983-11-30,207.92
1983-12-01,99.09
1983-12-02,99.24
1983-12-03,358.07
1983-12-04,156.6
1983-12-05,325.38
1983-12-06,29.69
1983-12-07,29.67
1983-12-08,207.49
1983-12-09,29.65
1983-12-10,99.72
1983-12-11,294.19
1983-12-12,29.56
1983-12-13,338.8
1983-12-14,158.36
1983-12-15,152.61
1983-12-16,206.57
1983-12-17,29.47
1983-12-18,29.4
1983-12-19,299.61
1983-12-20,99.17
1983-12-21,272.97
1983-12-22,29.83
1983-12-23,29.76
1983-12-24,342.12
1983-12-25,155.44
1983-12-26,149.61
1983-12-27,218.29
1983-12-28,28.78
1983-12-29,102.9
1983-12-30,292.32
1983-12-31,29.32
1984-01-01,203.5
1984-01-02,939.66
1984-01-03,29.13
1984-01-04,376.12
1984-01-05,186.46
1984-01-06,181.73
1984-01-07,327.78
1984-01-08,127.51
1984-01-09,234.49
1984-01-10,61.7
1984-01-11,65.32
1984-01-12,239.62
1984-01-13,65.89
1984-01-14,62.87
1984-01-15,383.98
1984-01-16,386.04
1984-01-17,458.95
1984-01-18,370.69
1984-01-19,103.65
1984-01-20,278.19
1984-01-21,103.56
1984-01-22,100.58
1984-01-23,297.29
1984-01-24,241.56
1984-01-25,486.66
1984-01-26,289.9
1984-01-27,167.02
1984-01-28,282.42
1984-01-29,97.07
1984-01-30,98.39
1984-01-31,2106.47
1984-02-01,99.64
1984-02-02,97.92
1984-02-03,298.25
1984-02-04,414.8
1984-02-05,547.73
1984-02-06,598.18
1984-02-07,538.19
1984-02-08,246.47
1984-02-09,333.07
1984-02-10,323.52
1984-02-11,324.23
1984-02-12,131.19
1984-02-13,455.66
1984-02-14,446.42
1984-02-15,197.94
1984-02-16,254.81
1984-02-17,256.11
1984-02-18,211.17
1984-02-19,412.07
1984-02-20,294.96
1984-02-21,92.35
1984-02-22,299.82
1984-02-23,470.04
1984-02-24,447.32
1984-02-25,82.99
1984-02-26,257.44
1984-02-27,256.97
1984-02-28,85.31
1984-02-29,255.78
1984-03-01,82.58
1984-03-02,364.26
1984-03-03,464.05
1984-03-04,285.35
1984-03-05,405.26
1984-03-06,263.37
1984-03-07,88.36
1984-03-08,260.94
1984-03-09,259.06
1984-03-10,84.08
1984-03-11,256.62
1984-03-12,339.74
1984-03-13,289.09
1984-03-14,384.96
1984-03-15,206.9
1984-03-16,274.85
1984-03-17,84.24
1984-03-18,266.17
1984-03-19,91.69
1984-03-20,84.72
1984-03-21,331.77
1984-03-22,153.5
1984-03-23,324.98
1984-03-24,404.59
1984-03-25,202.76
1984-03-26,374.02
1984-03-27,79.31
1984-03-28,252.21
1984-03-29,233.17
1984-03-30,111.76
1984-03-31,287.36
1984-04-01,110.76
1984-04-02,40.67
1984-04-03,358.09
1984-04-04,167.14
1984-04-05,335.7
1984-04-06,235.18
1984-04-07,40.58
1984-04-08,289.01
1984-04-09,111.91
1984-04-10,110.03
1984-04-11,233.48
1984-04-12,40.49
1984-04-13,213.92
1984-04-14,364
1984-04-15,163.91
1984-04-16,214.92
1984-04-17,112.27
1984-04-18,111.37
1984-04-19,227.85
1984-04-20,40.31
1984-04-21,54.73
1984-04-22,230.46
1984-04-23,55.29
1984-04-24,174.58
1984-04-25,341.66
1984-04-26,231.88
1984-04-27,110.79
1984-04-28,284.96
1984-04-29,39.57
1984-04-30,39.47
1984-05-01,213.73
1984-05-02,39.66
1984-05-03,39.37
1984-05-04,213.63
1984-05-05,439.54
1984-05-06,236.72
1984-05-07,401.91
1984-05-08,231.03
1984-05-09,37.29
1984-05-10,211.14
1984-05-11,231.59
1984-05-12,36.57
1984-05-13,239.05
1984-05-14,336.23
1984-05-15,155.95
1984-05-16,388.67
1984-05-17,397.18
1984-05-18,202.83
1984-05-19,75.33
1984-05-20,267.97
1984-05-21,102.07
1984-05-22,144.06
1984-05-23,445.53
1984-05-24,136.19
1984-05-25,61.41
1984-05-26,387.79
1984-05-27,197.47
1984-05-28,183.75
1984-05-29,221.61
1984-05-30,30.31
1984-05-31,202.73
1984-06-01,294.24
1984-06-02,100.76
1984-06-03,270.98
1984-06-04,223.25
1984-06-05,30.24
1984-06-06,336.46
1984-06-07,347.28
1984-06-08,148.21
1984-06-09,201.98
1984-06-10,300.89
1984-06-11,98.81
1984-06-12,272.07
1984-06-13,29.43
1984-06-14,29.67
1984-06-15,206.03
1984-06-16,79.38
1984-06-17,212.34
1984-06-18,1209.72
1984-06-19,225.94
1984-06-20,1037.42
1984-06-21,1219.49
1984-06-22,126.81
1984-06-23,29.46
1984-06-24,220.87
1984-06-25,29.55
1984-06-26,29.66
1984-06-27,357.84
1984-06-28,156.63
1984-06-29,396.36
1984-06-30,101.34
1984-07-01,99.05
1984-07-02,206.33
1984-07-03,29.66
1984-07-04,29.7
1984-07-05,213.28
1984-07-06,29.57
1984-07-07,29.69
1984-07-08,440.89
1984-07-09,226.36
1984-07-10,393.34
1984-07-11,222.99
1984-07-12,29.74
1984-07-13,204.57
1984-07-14,29.63
1984-07-15,29.7
1984-07-16,205.58
1984-07-17,29.71
1984-07-18,100.66
1984-07-19,413.88
1984-07-20,225.45
1984-07-21,151.14
1984-07-22,221.92
1984-07-23,29.75
1984-07-24,204.26
1984-07-25,226.31
1984-07-26,29.9
1984-07-27,1639.57
1984-07-28,137.63
1984-07-29,272.92
1984-07-30,370.57
1984-07-31,184.57
1984-08-01,59.76
1984-08-02,250.02
1984-08-03,60.39
1984-08-04,29.85
1984-08-05,222.91
1984-08-06,100.53
1984-08-07,273.77
1984-08-08,162.9
1984-08-09,155.72
1984-08-10,325.26
1984-08-11,29.49
1984-08-12,29.52
1984-08-13,210.48
1984-08-14,29.45
1984-08-15,103.6
1984-08-16,294.41
1984-08-17,29.55
1984-08-18,202.91
1984-08-19,163.68
1984-08-20,155.55
1984-08-21,326.39
1984-08-22,29.52
1984-08-23,29.57
1984-08-24,283.45
1984-08-25,99.89
1984-08-26,98.74
1984-08-27,222.59
1984-08-28,29.55
1984-08-29,203.27
1984-08-30,161.47
1984-08-31,153.31
1984-09-01,323.28
1984-09-02,107.7
1984-09-03,98.96
1984-09-04,283.68
1984-09-05,29.62
1984-09-06,29.69
1984-09-07,224.92
1984-09-08,29.4
1984-09-09,203.37
1984-09-10,160.61
1984-09-11,234.98
1984-09-12,276.93
1984-09-13,99.2
1984-09-14,29.38
1984-09-15,218.06
1984-09-16,29.51
1984-09-17,29.96
1984-09-18,226.28
1984-09-19,29.83
1984-09-20,284.97
1984-09-21,229.27
1984-09-22,222.04
1984-09-23,206.84
1984-09-24,29.51
1984-09-25,29.39
1984-09-26,218.32
1984-09-27,29.47
1984-09-28,29.41
1984-09-29,221.02
1984-09-30,141.01
1984-10-01,274.77
1984-10-02,159.04
1984-10-03,151.9
1984-10-04,265.58
1984-10-05,29.66
1984-10-06,29.58
1984-10-07,222.03
1984-10-08,29.75
1984-10-09,274.86
1984-10-10,291.06
1984-10-11,29.39
1984-10-12,205.25
1984-10-13,160.24
1984-10-14,152.73
1984-10-15,205.1
1984-10-16,29.24
1984-10-17,58.56
1984-10-18,330.15
1984-10-19,137.85
1984-10-20,237.78
1984-10-21,1159.78
1984-10-22,251.14
1984-10-23,244.17
1984-10-24,433.53
1984-10-25,119.26
1984-10-26,298.55
1984-10-27,390.67
1984-10-28,197.41
1984-10-29,258.97
1984-10-30,86.88
1984-10-31,360.18
1984-11-01,404.54
1984-11-02,216.88
1984-11-03,103.7
1984-11-04,278.18
1984-11-05,175.09
1984-11-06,183.14
1984-11-07,294.38
1984-11-08,100.86
1984-11-09,99.21
1984-11-10,299.26
1984-11-11,234.73
1984-11-12,401.7
1984-11-13,220.02
1984-11-14,179.05
1984-11-15,351.71
1984-11-16,166.7
1984-11-17,165.02
1984-11-18,355.89
1984-11-19,106.48
1984-11-20,222.12
1984-11-21,560.68
1984-11-22,315.64
1984-11-23,562.9
1984-11-24,284.08
1984-11-25,29.42
1984-11-26,208.88
1984-11-27,29.57
1984-11-28,29.23
1984-11-29,218.98
1984-11-30,29.36
1984-12-01,162.29
1984-12-02,419.45
1984-12-03,220.77
1984-12-04,204.59
1984-12-05,29.4
1984-12-06,29.42
1984-12-07,206.74
1984-12-08,29.3
1984-12-09,29.61
1984-12-10,222.11
1984-12-11,232.83
1984-12-12,399.58
1984-12-13,149.72
1984-12-14,29.75
1984-12-15,205.39
1984-12-16,29.57
1984-12-17,29.69
1984-12-18,219.31
1984-12-19,29.88
1984-12-20,144.93
1984-12-21,426.71
1984-12-22,224.49
1984-12-23,323.51
1984-12-24,29.43
1984-12-25,29.65
1984-12-26,206.05
1984-12-27,29.55
1984-12-28,29.66
1984-12-29,293.86
1984-12-30,99.12
1985-01-01,233.91
1985-01-02,352.17
1985-01-03,151.01
1985-01-04,204.01
1985-01-05,29.57
1985-01-06,29.8
1985-01-07,205.2
1985-01-08,29.61
1985-01-09,99
1985-01-10,280.62
1985-01-11,158.22
1985-01-12,151.54
1985-01-13,341.26
1985-01-14,29.76
1985-01-15,203.64
1985-01-16,29.65
1985-01-17,29.69
1985-01-18,281.29
1985-01-19,100.16
1985-01-20,98.71
1985-01-21,346.36
1985-01-22,151.24
1985-01-23,146.72
1985-01-24,222.65
1985-01-25,29.59
1985-01-26,202.89
1985-01-27,108.14
1985-01-28,102.56
1985-01-29,277.18
1985-01-30,29.71
1985-01-31,160.13
1985-02-01,339.14
1985-02-02,147.99
1985-02-03,29.83
1985-02-04,224.8
1985-02-05,110.21
1985-02-06,274.62
1985-02-07,99.33
1985-02-08,29.89
1985-02-09,207.23
1985-02-10,162.82
1985-02-11,154.12
1985-02-12,338.9
1985-02-13,29.57
1985-02-14,202.45
1985-02-15,100.25
1985-02-16,99.76
1985-02-17,206.03
1985-02-18,30.01
1985-02-19,29.92
1985-02-20,221.29
1985-02-21,158.64
1985-02-22,151.99
1985-02-23,221.79
1985-02-24,102.05
1985-02-25,275.67
1985-02-26,113.37
1985-02-27,44.76
1985-02-28,221.33
1985-03-01,146.98
1985-03-02,164.7
1985-03-03,479.31
1985-03-04,271.73
1985-03-05,345.72
1985-03-06,351.62
1985-03-07,130.71
1985-03-08,237.46
1985-03-09,64.79
1985-03-10,65.99
1985-03-11,240.94
1985-03-12,190.99
1985-03-13,188.51
1985-03-14,343.58
1985-03-15,103.46
1985-03-16,275.42
1985-03-17,29.61
1985-03-18,29.5
1985-03-19,205.97
1985-03-20,29.64
1985-03-21,29.48
1985-03-22,369.66
1985-03-23,166.64
1985-03-24,404.85
1985-03-25,113.21
1985-03-26,111.93
1985-03-27,220.3
1985-03-28,44.26
1985-03-29,44.03
1985-03-30,233.63
1985-03-31,44.12
1985-04-01,173.93
1985-04-02,450.67
1985-04-03,323.53
1985-04-04,424.49
1985-04-05,184.33
1985-04-06,1230.24
1985-04-07,373.17
1985-04-08,85.01
1985-04-09,279.26
1985-04-10,29.24
1985-04-11,161.24
1985-04-12,401.47
1985-04-13,217.75
1985-04-14,98.13
1985-04-15,220.93
1985-04-16,29.72
1985-04-17,202.99
1985-04-18,29.69
1985-04-19,29.63
1985-04-20,206.31
1985-04-21,241.86
1985-04-22,224.84
1985-04-23,409.55
1985-04-24,29.59
1985-04-25,201.21
1985-04-26,29.28
1985-04-27,29.52
1985-04-28,205.57
1985-04-29,29.29
1985-04-30,29.29
1985-05-01,289.97
1985-05-02,228.58
1985-05-03,323.88
1985-05-04,145.39
1985-05-05,29.7
1985-05-06,205.13
1985-05-07,29.83
1985-05-08,29.86
1985-05-09,221.31
1985-05-10,99.79
1985-05-11,98.58
1985-05-12,350.4
1985-05-13,1490.05
1985-05-14,363.72
1985-05-15,1318.12
1985-05-16,72.03
1985-05-17,255.34
1985-05-18,64.99
1985-05-19,135.72
1985-05-20,321.22
1985-05-21,128.25
1985-05-22,235.91
1985-05-23,61.17
1985-05-24,188.59
1985-05-25,363.34
1985-05-26,57.12
1985-05-27,58.53
1985-05-28,303.04
1985-05-29,101.62
1985-05-30,272.64
1985-05-31,29.54
1985-06-01,29.58
1985-06-02,207.15
1985-06-03,160.44
1985-06-04,153.1
1985-06-05,339.07
1985-06-06,111.56
1985-06-07,272.81
1985-06-08,99.07
1985-06-09,29.52
1985-06-10,316.75
1985-06-11,98.59
1985-06-12,97.96
1985-06-13,1315.44
1985-06-14,308.28
1985-06-15,467.52
1985-06-16,168.59
1985-06-17,99.85
1985-06-18,276.61
1985-06-19,100.73
1985-06-20,100.76
1985-06-21,275.94
1985-06-22,100.26
1985-06-23,177.41
1985-06-24,480.36
1985-06-25,297.01
1985-06-26,220.43
1985-06-27,275.58
1985-06-28,100.51
1985-06-29,100.38
1985-06-30,278.17
1985-07-01,101.17
1985-07-02,100.77
1985-07-03,350.08
1985-07-04,169.86
1985-07-05,236.99
1985-07-06,420.36
1985-07-07,224.82
1985-07-08,102.24
1985-07-09,294.88
1985-07-10,97.98
1985-07-11,275.36
1985-07-12,170.6
1985-07-13,170.63
1985-07-14,278.75
1985-07-15,101.61
1985-07-16,238.24
1985-07-17,404.91
1985-07-18,222.62
1985-07-19,101.56
1985-07-20,279.88
1985-07-21,174.08
1985-07-22,171.16
1985-07-23,360.41
1985-07-24,102.49
1985-07-25,130.08
1985-07-26,326.75
1985-07-27,268.12
1985-07-28,370.53
1985-07-29,187.44
1985-07-30,136.6
1985-07-31,304.49
1985-08-01,132.4
1985-08-02,58.77
1985-08-03,249.9
1985-08-04,64.01
1985-08-05,60.31
1985-08-06,392.98
1985-08-07,227.84
1985-08-08,404.75
1985-08-09,190.92
1985-08-10,193.98
1985-08-11,334.78
1985-08-12,199.86
1985-08-13,119.35
1985-08-14,295.83
1985-08-15,109.24
1985-08-16,182.04
1985-08-17,496.62
1985-08-18,295.6
1985-08-19,394.51
1985-08-20,104.25
1985-08-21,102.82
1985-08-22,280.83
1985-08-23,104.59
1985-08-24,103.49
1985-08-25,359.55
1985-08-26,167.62
1985-08-27,233.47
1985-08-28,417.64
1985-08-29,224.15
1985-08-30,279.55
1985-08-31,103.52
1985-09-01,102.13
1985-09-02,291.52
1985-09-03,244.56
1985-09-04,187.76
1985-09-05,286.59
1985-09-06,29.49
1985-09-07,162.33
1985-09-08,349.17
1985-09-09,148.77
1985-09-10,203.36
1985-09-11,29.66
1985-09-12,102.02
1985-09-13,278.18
1985-09-14,29.42
1985-09-15,29.61
1985-09-16,218.3
1985-09-17,29.61
1985-09-18,164.48
1985-09-19,348.33
1985-09-20,150.18
1985-09-21,272.63
1985-09-22,99.32
1985-09-23,29.61
1985-09-24,207.65
1985-09-25,29.43
1985-09-26,161.68
1985-09-27,343.56
1985-09-28,148.61
1985-09-29,448.68
1985-09-30,345.85
1985-10-01,336.62
1985-10-02,219.72
1985-10-03,29.65
1985-10-04,29.63
1985-10-05,215.41
1985-10-06,29.78
1985-10-07,29.72
1985-10-08,239.25
1985-10-09,104.76
1985-10-10,289.18
1985-10-11,234.6
1985-10-12,155.46
1985-10-13,326.7
1985-10-14,29.68
1985-10-15,29.65
1985-10-16,222.19
1985-10-17,29.84
1985-10-18,286.54
1985-10-19,99.4
1985-10-20,98.81
1985-10-21,205.74
1985-10-22,164.9
1985-10-23,158.6
1985-10-24,336.93
1985-10-25,29.91
1985-10-26,29.96
1985-10-27,223.19
1985-10-28,99.54
1985-10-29,273.02
1985-10-30,29.93
1985-10-31,29.92
1985-11-01,205.54
1985-11-02,29.92
1985-11-03,162.66
1985-11-04,332.59
1985-11-05,150.2
1985-11-06,100.76
1985-11-07,292.94
1985-11-08,30.1
1985-11-09,203.9
1985-11-10,30.07
1985-11-11,30.1
1985-11-12,206.48
1985-11-13,30.13
1985-11-14,165.92
1985-11-15,417.65
1985-11-16,222.29
1985-11-17,98.38
1985-11-18,223.67
1985-11-19,29.45
1985-11-20,202.99
1985-11-21,29.75
1985-11-22,29.71
1985-11-23,205.95
1985-11-24,108.29
1985-11-25,100.14
1985-11-26,424.32
1985-11-27,156.05
1985-11-28,150.19
1985-11-29,29.59
1985-11-30,29.9
1985-12-01,205.15
1985-12-02,29.87
1985-12-03,112
1985-12-04,290.13
1985-12-05,99.62
1985-12-06,30
1985-12-07,223.27
1985-12-08,160.79
1985-12-09,329.06
1985-12-10,29.96
1985-12-11,29.96
1985-12-12,206.92
1985-12-13,99.89
1985-12-14,99.93
1985-12-15,222.49
1985-12-16,30.04
1985-12-17,29.94
1985-12-18,252.59
1985-12-19,166.27
1985-12-20,334.11
1985-12-21,150.88
1985-12-22,102.24
1985-12-23,291.87
1985-12-24,98.16
1985-12-25,29.81
1985-12-26,44.34
1985-12-27,104.3
1985-12-28,293.23
1985-12-29,131.01
1985-12-30,91.59
1985-12-31,497.48
1986-01-01,224.38
1986-01-02,217.4
1986-01-03,225.16
1986-01-04,29.5
1986-01-05,203.75
1986-01-06,29.62
1986-01-07,29.72
1986-01-08,217.25
1986-01-09,29.93
1986-01-10,101.22
1986-01-11,418.27
1986-01-12,227.61
1986-01-13,328.59
1986-01-14,29.73
1986-01-15,29.76
1986-01-16,217.46
1986-01-17,29.55
1986-01-18,29.5
1986-01-19,227.05
1986-01-20,99.07
1986-01-21,274.3
1986-01-22,58.23
1986-01-23,190.93
1986-01-24,373.67
1986-01-25,185.17
1986-01-26,163.08
1986-01-27,797.37
1986-01-28,129.83
1986-01-29,377.39
1986-01-30,131.9
1986-01-31,130.23
1986-02-01,251.21
1986-02-02,203.28
1986-02-03,188.27
1986-02-04,375.6
1986-02-05,63.52
1986-02-06,242.46
1986-02-07,143.75
1986-02-08,133.58
1986-02-09,322.78
1986-02-10,65.99
1986-02-11,63.5
1986-02-12,881.6
1986-02-13,193.69
1986-02-14,369.74
1986-02-15,188.48
1986-02-16,66.34
1986-02-17,318.36
1986-02-18,123.98
1986-02-19,62.24
1986-02-20,259.27
1986-02-21,65.82
1986-02-22,236.94
1986-02-23,198.09
1986-02-24,190.08
1986-02-25,371.7
1986-02-26,136.22
1986-02-27,133.62
1986-02-28,422.74
1986-03-01,64.43
1986-03-02,236.13
1986-03-03,66.15
1986-03-04,63.8
1986-03-05,375.43
1986-03-06,191.46
1986-03-07,266.27
1986-03-08,328.08
1986-03-09,130.11
1986-03-10,241.29
1986-03-11,123.06
1986-03-12,187.63
1986-03-13,366.19
1986-03-14,2110.66
1986-03-15,192.75
1986-03-16,384.38
1986-03-17,256.82
1986-03-18,474.08
1986-03-19,178.15
1986-03-20,110.81
1986-03-21,1428.46
1986-03-22,182.74
1986-03-23,179.18
1986-03-24,257.1
1986-03-25,171.19
1986-03-26,563.25
1986-03-27,369.23
1986-03-28,362
1986-03-29,351.56
1986-03-30,203.07
1986-03-31,141.94
1986-04-01,335.95
1986-04-02,29.9
1986-04-03,204.2
1986-04-04,29.88
1986-04-05,102.49
1986-04-06,413.49
1986-04-07,222.02
1986-04-08,149.27
1986-04-09,222.26
1986-04-10,29.9
1986-04-11,205.44
1986-04-12,29.82
1986-04-13,29.86
1986-04-14,207.61
1986-04-15,98.84
1986-04-16,234.16
1986-04-17,352.84
1986-04-18,151.87
1986-04-19,203.13
1986-04-20,29.72
1986-04-21,30
1986-04-22,207.45
1986-04-23,29.98
1986-04-24,101.93
1986-04-25,293.28
1986-04-26,98.36
1986-04-27,158.84
1986-04-28,357.89
1986-04-29,153.75
1986-04-30,206.03
1986-05-01,30.02
1986-05-02,30.01
1986-05-03,220.99
1986-05-04,169.56
1986-05-05,251.63
1986-05-06,257.39
1986-05-07,59.96
1986-05-08,456.17
1986-05-09,272.83
1986-05-10,266.07
1986-05-11,334.9
1986-05-12,220.76
1986-05-13,215.17
1986-05-14,407.05
1986-05-15,142.95
1986-05-16,318.71
1986-05-17,141.72
1986-05-18,141.81
1986-05-19,490.42
1986-05-20,296.85
1986-05-21,358.14
1986-05-22,496
1986-05-23,174.06
1986-05-24,389.23
1986-05-25,224.05
1986-05-26,173.34
1986-05-27,243.3
1986-05-28,194.56
1986-05-29,257.43
1986-05-30,478.39
1986-05-31,172.19
1986-06-01,272.11
1986-06-02,103.36
1986-06-03,97.33
1986-06-04,288.24
1986-06-05,106.57
1986-06-06,316.07
1986-06-07,583.49
1986-06-08,269.51
1986-06-09,147.25
1986-06-10,146.31
1986-06-11,145.23
1986-06-12,319.87
1986-06-13,143.39
1986-06-14,222.58
1986-06-15,401.58
1986-06-16,210.29
1986-06-17,446.56
1986-06-18,266.13
1986-06-19,260.41
1986-06-20,317.36
1986-06-21,141.11
1986-06-22,179.96
1986-06-23,403.59
1986-06-24,210.59
1986-06-25,209.09
1986-06-26,334.69
1986-06-27,264.65
1986-06-28,446.03
1986-06-29,263.47
1986-06-30,134.71
1986-07-01,539.4
1986-07-02,383.37
1986-07-03,140.85
1986-07-04,340.89
1986-07-05,145
1986-07-06,320.07
1986-07-07,268.9
1986-07-08,272.56
1986-07-09,434.62
1986-07-10,146.43
1986-07-11,98.65
1986-07-12,291.66
1986-07-13,29.79
1986-07-14,204.65
1986-07-15,29.86
1986-07-16,29.84
1986-07-17,209.24
1986-07-18,165.78
1986-07-19,238.28
1986-07-20,416.96
1986-07-21,99.17
1986-07-22,204.07
1986-07-23,29.89
1986-07-24,29.96
1986-07-25,207.98
1986-07-26,30.05
1986-07-27,29.8
1986-07-28,299.23
1986-07-29,234.43
1986-07-30,399.91
1986-07-31,151.08
1986-08-01,29.96
1986-08-02,207.29
1986-08-03,30.06
1986-08-04,29.76
1986-08-05,222.78
1986-08-06,103.27
1986-08-07,275.77
1986-08-08,29.71
1986-08-09,163.52
1986-08-10,332.75
1986-08-11,150.1
1986-08-12,29.77
1986-08-13,212.92
1986-08-14,29.66
1986-08-15,99.11
1986-08-16,293.55
1986-08-17,29.85
1986-08-18,205.1
1986-08-19,29.79
1986-08-20,165.61
1986-08-21,344.9
1986-08-22,151.56
1986-08-23,29.71
1986-08-24,292.72
1986-08-25,99.45
1986-08-26,204.37
1986-08-27,29.79
1986-08-28,29.79
1986-08-29,215.83
1986-08-30,29.79
1986-08-31,199.77
1986-09-01,353.32
1986-09-02,224.57
1986-09-03,277.33
1986-09-04,30.02
1986-09-05,30.02
1986-09-06,217.89
1986-09-07,30
1986-09-08,29.82
1986-09-09,223.56
1986-09-10,29.88
1986-09-11,274.74
1986-09-12,233.81
1986-09-13,155.87
1986-09-14,341.04
1986-09-15,29.93
1986-09-16,29.88
1986-09-17,224.8
1986-09-18,30.19
1986-09-19,206.38
1986-09-20,101.33
1986-09-21,99.85
1986-09-22,221.7
1986-09-23,156.33
1986-09-24,335.75
1986-09-25,167.99
1986-09-26,44.67
1986-09-27,221.21
1986-09-28,147.29
1986-09-29,256.36
1986-09-30,413.79
1986-10-01,98.76
1986-10-02,202.64
1986-10-03,29.95
1986-10-04,29.49
1986-10-05,340.39
1986-10-06,157.37
1986-10-07,150.42
1986-10-08,305.86
1986-10-09,98.57
1986-10-10,272.67
1986-10-11,29.8
1986-10-12,29.36
1986-10-13,207.86
1986-10-14,71.75
1986-10-15,72.48
1986-10-16,262.97
1986-10-17,203.67
1986-10-18,427.61
1986-10-19,125.9
1986-10-20,130.99
1986-10-21,250.27
1986-10-22,62.33
1986-10-23,29.45
1986-10-24,221.49
1986-10-25,29.57
1986-10-26,203.64
1986-10-27,106.47
1986-10-28,223.23
1986-10-29,1448.94
1986-10-30,1108.79
1986-10-31,982
1986-11-01,77.72
1986-11-02,60.49
1986-11-03,238.14
1986-11-04,29.6
1986-11-05,29.46
1986-11-06,291.43
1986-11-07,98.64
1986-11-08,98.03
1986-11-09,161.53
1986-11-10,153.57
1986-11-11,325.89
1986-11-12,29.77
1986-11-13,29.45
1986-11-14,222.49
1986-11-15,29.5
1986-11-16,274.56
1986-11-17,99.29
1986-11-18,29.48
1986-11-19,207.83
1986-11-20,29.35
1986-11-21,163.17
1986-11-22,349.7
1986-11-23,148.58
1986-11-24,203.1
1986-11-25,99.14
1986-11-26,99.09
1986-11-27,217.98
1986-11-28,29.55
1986-11-29,29.29
1986-11-30,29.45
1986-12-01,29.59
1986-12-02,205.59
1986-12-03,164.34
1986-12-04,229.41
1986-12-05,409.59
1986-12-06,98.01
1986-12-07,203.82
1986-12-08,29.86
1986-12-09,29.72
1986-12-10,241.54
1986-12-11,64.3
1986-12-12,59.76
1986-12-13,383.94
1986-12-14,261.09
1986-12-15,432.32
1986-12-16,66.31
1986-12-17,60.45
1986-12-18,244.23
1986-12-19,61.09
1986-12-20,150.48
1986-12-21,340.65
1986-12-22,148.7
1986-12-23,392.25
1986-12-24,214.18
1986-12-25,279.32
1986-12-26,460.35
1986-12-27,263.16
1986-12-28,143.39
1986-12-29,29.49
1986-12-30,29.56
1986-12-31,205.38
1987-01-01,110.19
1987-01-02,1002.89
1987-01-03,289.79
1987-01-04,29.63
1987-01-05,202.01
1987-01-06,201.62
1987-01-07,153.13
1987-01-08,208.11
1987-01-09,29.59
1987-01-10,29.55
1987-01-11,286.72
1987-01-12,99.24
1987-01-13,29.76
1987-01-14,223.04
1987-01-15,29.75
1987-01-16,204.09
1987-01-17,357.18
1987-01-18,159.35
1987-01-19,327.64
1987-01-20,111.68
1987-01-21,97.7
1987-01-22,275.58
1987-01-23,29.65
1987-01-24,29.74
1987-01-25,1126.71
1987-01-26,29.65
1987-01-27,202.75
1987-01-28,63.55
1987-01-29,195.67
1987-01-30,433.71
1987-01-31,251.51
1987-02-01,58.59
1987-02-02,248.81
1987-02-03,59.69
1987-02-04,58.57
1987-02-05,252.48
1987-02-06,58.4
1987-02-07,232.68
1987-02-08,262.38
1987-02-09,257.63
1987-02-10,439.31
1987-02-11,59.91
1987-02-12,58.36
1987-02-13,256.08
1987-02-14,58.06
1987-02-15,207.41
1987-02-16,30.09
1987-02-17,29.98
1987-02-18,428.05
1987-02-19,227.29
1987-02-20,325.63
1987-02-21,738.34
1987-02-22,29.79
1987-02-23,206.67
1987-02-24,29.95
1987-02-25,71.58
1987-02-26,263.89
1987-02-27,151.26
1987-02-28,314.79
1987-03-01,274.97
1987-03-02,196.01
1987-03-03,364.79
1987-03-04,70.84
1987-03-05,70.73
1987-03-06,274.61
1987-03-07,79.78
1987-03-08,189.07
1987-03-09,181.21
1987-03-10,181.78
1987-03-11,425.41
1987-03-12,303.63
1987-03-13,152.47
1987-03-14,223.17
1987-03-15,29.87
1987-03-16,204.4
1987-03-17,110.22
1987-03-18,128.96
1987-03-19,418.22
1987-03-20,222.64
1987-03-21,103.71
1987-03-22,435.75
1987-03-23,231.63
1987-03-24,393.8
1987-03-25,109.61
1987-03-26,186.43
1987-03-27,366.06
1987-03-28,176.51
1987-03-29,108.29
1987-03-30,347.65
1987-03-31,102.47
1987-04-01,278.85
1987-04-02,240
1987-04-03,231.18
1987-04-04,488.92
1987-04-05,171.35
1987-04-06,346.61
1987-04-07,101.34
1987-04-08,102.38
1987-04-09,280.48
1987-04-10,135
1987-04-11,210.36
1987-04-12,353.84
1987-04-13,151.99
1987-04-14,388.12
1987-04-15,98.22
1987-04-16,29.46
1987-04-17,208.01
1987-04-18,29.45
1987-04-19,29.36
1987-04-20,223.82
1987-04-21,29.44
1987-04-22,335.41
1987-04-23,227.25
1987-04-24,217.64
1987-04-25,285.66
1987-04-26,29.97
1987-04-27,29.7
1987-04-28,29.79
1987-04-29,29.8
1987-04-30,207.04
1987-05-01,29.86
1987-05-02,166.24
1987-05-03,423.72
1987-05-04,221.91
1987-05-05,204.87
1987-05-06,29.47
1987-05-07,29.45
1987-05-08,208.13
1987-05-09,29.59
1987-05-10,29.58
1987-05-11,224.64
1987-05-12,100.33
1987-05-13,407.45
1987-05-14,222.73
1987-05-15,149.84
1987-05-16,221.56
1987-05-17,29.68
1987-05-18,203.6
1987-05-19,29.76
1987-05-20,29.9
1987-05-21,206.39
1987-05-22,98.12
1987-05-23,98.26
1987-05-24,355.93
1987-05-25,154.46
1987-05-26,325.13
1987-05-27,29.81
1987-05-28,29.75
1987-05-29,209.29
1987-05-30,29.65
1987-05-31,101.51
1987-06-01,291.82
1987-06-02,97.52
1987-06-03,204.4
1987-06-04,161.51
1987-06-05,154.08
1987-06-06,340.78
1987-06-07,29.65
1987-06-08,29.66
1987-06-09,29.59
1987-06-10,98.22
1987-06-11,273.69
1987-06-12,29.66
1987-06-13,29.59
1987-06-14,221.07
1987-06-15,164.43
1987-06-16,155.82
1987-06-17,150.42
1987-06-18,29.77
1987-06-19,277.34
1987-06-20,99.67
1987-06-21,97.73
1987-06-22,222.55
1987-06-23,29.68
1987-06-24,203.77
1987-06-25,29.86
1987-06-26,164.31
1987-06-27,336.3
1987-06-28,152.56
1987-06-29,99.22
1987-06-30,292.86
1987-07-01,30
1987-07-02,205.07
1987-07-03,30.09
1987-07-04,30.06
1987-07-05,210.72
1987-07-06,29.87
1987-07-07,29.9
1987-07-08,436.4
1987-07-09,225.31
1987-07-10,394.93
1987-07-11,29.77
1987-07-12,29.82
1987-07-13,219.74
1987-07-14,29.67
1987-07-15,63.04
1987-07-16,29.69
1987-07-17,29.75
1987-07-18,277.64
1987-07-19,99.27
1987-07-20,230.64
1987-07-21,346.45
1987-07-22,149.32
1987-07-23,202.05
1987-07-24,29.52
1987-07-25,29.76
1987-07-26,206.35
1987-07-27,29.82
1987-07-28,98.46
1987-07-29,292.98
1987-07-30,29.83
1987-07-31,335.41
1987-08-01,160.13
1987-08-02,153.46
1987-08-03,206.66
1987-08-04,1316.78
1987-08-05,29.06
1987-08-06,341.1
1987-08-07,1381.36
1987-08-08,301.41
1987-08-09,56.94
1987-08-10,59.43
1987-08-11,3208.13
1987-08-12,3009.01
1987-08-13,2441.78
1987-08-14,2503.8
1987-08-15,2047.58
1987-08-16,2303.22
1987-08-17,2139.42
1987-08-18,103.03
1987-08-19,216.92
1987-08-20,35.09
1987-08-21,35.36
1987-08-22,229.27
1987-08-23,166.1
1987-08-24,334.55
1987-08-25,35.15
1987-08-26,105.6
1987-08-27,295.67
1987-08-28,102.87
1987-08-29,34.94
1987-08-30,34.96
1987-08-31,35.18
1987-09-01,303.68
1987-09-02,59.76
1987-09-03,375.4
1987-09-04,357.06
1987-09-05,1031.3
1987-09-06,279.08
1987-09-07,663.96
1987-09-08,29.53
1987-09-09,208.2
1987-09-10,29.63
1987-09-11,29.41
1987-09-12,221.71
1987-09-13,29.67
1987-09-14,420.58
1987-09-15,229.26
1987-09-16,221.06
1987-09-17,219.88
1987-09-18,29.19
1987-09-19,63.52
1987-09-20,62.61
1987-09-21,62.81
1987-09-22,236.21
1987-09-23,62.56
1987-09-24,134.19
1987-09-25,460.05
1987-09-26,1177.03
1987-09-27,1267.75
1987-09-28,59.75
1987-09-29,66.55
1987-09-30,242.08
1987-10-01,62.51
1987-10-02,63.06
1987-10-03,256.92
1987-10-04,133.46
1987-10-05,311.9
1987-10-06,66.22
1987-10-07,194.64
1987-10-08,376.83
1987-10-09,180.47
1987-10-10,61.64
1987-10-11,66.8
1987-10-12,61.21
1987-10-13,279.11
1987-10-14,166.9
1987-10-15,177.04
1987-10-16,300.61
1987-10-17,105.45
1987-10-18,418.58
1987-10-19,238.23
1987-10-20,198.77
1987-10-21,262.77
1987-10-22,78.15
1987-10-23,159.43
1987-10-24,145.71
1987-10-25,273.93
1987-10-26,370.69
1987-10-27,190.16
1987-10-28,193.56
1987-10-29,384.98
1987-10-30,327.02
1987-10-31,493.63
1987-11-01,309.84
1987-11-02,267.45
1987-11-03,446.96
1987-11-04,255.29
1987-11-05,188.13
1987-11-06,188.22
1987-11-07,81.11
1987-11-08,251.58
1987-11-09,145.58
1987-11-10,150.4
1987-11-11,409
1987-11-12,282.36
1987-11-13,436.26
1987-11-14,143
1987-11-15,101.11
1987-11-16,287.84
1987-11-17,103.96
1987-11-18,32.21
1987-11-19,224.75
1987-11-20,31.4
1987-11-21,207.56
1987-11-22,103.28
1987-11-23,229.8
1987-11-24,418.68
1987-11-25,154.08
1987-11-26,1122.19
1987-11-27,144.88
1987-11-28,102.18
1987-11-29,281.05
1987-11-30,101.4
1987-12-01,223.41
1987-12-02,366.57
1987-12-03,214.43
1987-12-04,280.24
1987-12-05,242.83
1987-12-06,234.01
1987-12-07,284.97
1987-12-08,116.86
1987-12-09,183.3
1987-12-10,357.84
1987-12-11,166.67
1987-12-12,360.42
1987-12-13,189.16
1987-12-14,116.41
1987-12-15,297.12
1987-12-16,100.29
1987-12-17,229.96
1987-12-18,419.85
1987-12-19,99.7
1987-12-20,276.22
1987-12-21,135.35
1987-12-22,126.73
1987-12-23,316.59
1987-12-24,56.82
1987-12-25,348.74
1987-12-26,175.34
1987-12-27,1359.6
1987-12-28,276.85
1987-12-29,241.92
1987-12-30,308.19
1987-12-31,475.59
1988-01-01,123.87
1988-01-02,227.76
1988-01-03,55.86
1988-01-04,56.4
1988-01-05,337.55
1988-01-06,147.91
1988-01-07,147.31
1988-01-08,145.66
1988-01-09,213.57
1988-01-10,521.98
1988-01-11,270.81
1988-01-12,264.04
1988-01-13,430.45
1988-01-14,164.58
1988-01-15,295.36
1988-01-16,122.93
1988-01-17,150.53
1988-01-18,410.6
1988-01-19,194.81
1988-01-20,375.16
1988-01-21,29.26
1988-01-22,355.56
1988-01-23,153.76
1988-01-24,209.31
1988-01-25,29.64
1988-01-26,204.87
1988-01-27,224.05
1988-01-28,29.57
1988-01-29,274.66
1988-01-30,99.08
1988-01-31,29.85
1988-02-01,205.89
1988-02-02,29.91
1988-02-03,162.92
1988-02-04,329.43
1988-02-05,149.32
1988-02-06,29.57
1988-02-07,204.58
1988-02-08,29.63
1988-02-09,276.16
1988-02-10,292.95
1988-02-11,29.86
1988-02-12,203.54
1988-02-13,30.05
1988-02-14,29.98
1988-02-15,341.31
1988-02-16,157.13
1988-02-17,150.97
1988-02-18,206.06
1988-02-19,30.09
1988-02-20,101.39
1988-02-21,280.51
1988-02-22,98.82
1988-02-23,30.15
1988-02-24,221.71
1988-02-25,30.18
1988-02-26,29.89
1988-02-27,357.45
1988-02-28,158.51
1988-02-29,327
1988-03-01,29.62
1988-03-02,113.59
1988-03-03,275.66
1988-03-04,98.93
1988-03-05,29.75
1988-03-06,220.12
1988-03-07,29.69
1988-03-08,29.76
1988-03-09,222.5
1988-03-10,29.9
1988-03-11,336.66
1988-03-12,290.55
1988-03-13,144.43
1988-03-14,400.71
1988-03-15,218.29
1988-03-16,216.22
1988-03-17,340.4
1988-03-18,146.24
1988-03-19,144.8
1988-03-20,345.32
1988-03-21,144.09
1988-03-22,319.47
1988-03-23,278.59
1988-03-24,269.98
1988-03-25,443.4
1988-03-26,211.53
1988-03-27,211.3
1988-03-28,224.81
1988-03-29,29.97
1988-03-30,204.28
1988-03-31,29.96
1988-04-01,30.01
1988-04-02,208.77
1988-04-03,30.02
1988-04-04,166.01
1988-04-05,351.92
1988-04-06,845.19
1988-04-07,172.65
1988-04-08,100.2
1988-04-09,30.78
1988-04-10,205.34
1988-04-11,30.43
1988-04-12,29.73
1988-04-13,220.22
1988-04-14,29.9
1988-04-15,30.08
1988-04-16,224.29
1988-04-17,162.4
1988-04-18,400.03
1988-04-19,99.57
1988-04-20,98.74
1988-04-21,207.68
1988-04-22,30.01
1988-04-23,30.08
1988-04-24,224.07
1988-04-25,29.88
1988-04-26,203.67
1988-04-27,29.95
1988-04-28,29.97
1988-04-29,344.97
1988-04-30,227.81
1988-05-01,221.32
1988-05-02,223.16
1988-05-03,29.97
1988-05-04,203.54
1988-05-05,29.8
1988-05-06,29.87
1988-05-07,247.52
1988-05-08,29.79
1988-05-09,44.57
1988-05-10,317.36
1988-05-11,177.14
1988-05-12,200.36
1988-05-13,354.15
1988-05-14,98.48
1988-05-15,203.19
1988-05-16,221.58
1988-05-17,29.97
1988-05-18,204.85
1988-05-19,30.18
1988-05-20,30
1988-05-21,280.69
1988-05-22,99.92
1988-05-23,99.75
1988-05-24,207.55
1988-05-25,29.91
1988-05-26,29.71
1988-05-27,217.97
1988-05-28,29.79
1988-05-29,29.9
1988-05-30,224
1988-05-31,29.93
1988-06-01,273.8
1988-06-02,622.95
1988-06-03,1310.74
1988-06-04,234.67
1988-06-05,62
1988-06-06,59.63
1988-06-07,241.99
1988-06-08,64.16
1988-06-09,149.59
1988-06-10,329.49
1988-06-11,136.3
1988-06-12,136
1988-06-13,253.49
1988-06-14,61.94
1988-06-15,240.32
1988-06-16,60.55
1988-06-17,65.26
1988-06-18,242.23
1988-06-19,64.55
1988-06-20,65.18
1988-06-21,388.69
1988-06-22,226.53
1988-06-23,260.15
1988-06-24,372.36
1988-06-25,186.99
1988-06-26,355.32
1988-06-27,178.62
1988-06-28,181.19
1988-06-29,350.95
1988-06-30,179.51
1988-07-01,342.29
1988-07-02,439.64
1988-07-03,249.7
1988-07-04,349.91
1988-07-05,174.81
1988-07-06,183.89
1988-07-07,278.54
1988-07-08,68.1
1988-07-09,65.32
1988-07-10,255.05
1988-07-11,68.84
1988-07-12,138.36
1988-07-13,333.92
1988-07-14,134.97
1988-07-15,238.46
1988-07-16,70.15
1988-07-17,67.47
1988-07-18,365.73
1988-07-19,185.14
1988-07-20,185.33
1988-07-21,368.51
1988-07-22,258.49
1988-07-23,308.75
1988-07-24,300.46
1988-07-25,230.98
1988-07-26,445.73
1988-07-27,263.43
1988-07-28,247.1
1988-07-29,427.84
1988-07-30,211.34
1988-07-31,208.75
1988-08-01,481
1988-08-02,281.19
1988-08-03,456.2
1988-08-04,210.88
1988-08-05,210.29
1988-08-06,325.19
1988-08-07,147.71
1988-08-08,289.29
1988-08-09,528.19
1988-08-10,316.32
1988-08-11,387.52
1988-08-12,580.59
1988-08-13,451.17
1988-08-14,558.4
1988-08-15,384.75
1988-08-16,376.09
1988-08-17,555.1
1988-08-18,401.32
1988-08-19,350.96
1988-08-20,536.73
1988-08-21,433.07
1988-08-22,427.6
1988-08-23,615.36
1988-08-24,220.58
1988-08-25,396.91
1988-08-26,233.54
1988-08-27,224.88
1988-08-28,410.59
1988-08-29,231.27
1988-08-30,217.04
1988-08-31,492.11
1988-09-01,410.89
1988-09-02,407.39
1988-09-03,344.79
1988-09-04,347.65
1988-09-05,391.84
1988-09-06,1102.68
1988-09-07,1095.14
1988-09-08,320.65
1988-09-09,142.06
1988-09-10,210.6
1988-09-11,404.53
1988-09-12,141.77
1988-09-13,266.34
1988-09-14,267.19
1988-09-15,269.13
1988-09-16,447.1
1988-09-17,141.47
1988-09-18,141.6
1988-09-19,408.74
1988-09-20,210.04
1988-09-21,210.16
1988-09-22,337.17
1988-09-23,200.1
1988-09-24,372.84
1988-09-25,190.43
1988-09-26,316.16
1988-09-27,490.46
1988-09-28,205.1
1988-09-29,176.12
1988-09-30,369.92
1988-10-01,1089.98
1988-10-02,172.29
1988-10-03,1423.13
1988-10-04,171.18
1988-10-05,407.45
1988-10-06,1441.06
1988-10-07,285.9
1988-10-08,1772.27
1988-10-09,1392.23
1988-10-10,300.45
1988-10-11,416.11
1988-10-12,220.04
1988-10-13,386.68
1988-10-14,277.57
1988-10-15,218.67
1988-10-16,519.67
1988-10-17,424.5
1988-10-18,429.16
1988-10-19,499.28
1988-10-20,1128.06
1988-10-21,344.71
1988-10-22,2443.27
1988-10-23,447.12
1988-10-24,620.76
1988-10-25,476.14
1988-10-26,476.45
1988-10-27,514.32
1988-10-28,312.23
1988-10-29,295.22
1988-10-30,442.62
1988-10-31,247.58
1988-11-01,241.72
1988-11-02,520.45
1988-11-03,313.37
1988-11-04,486.05
1988-11-05,260.36
1988-11-06,259.81
1988-11-07,364.81
1988-11-08,188.47
1988-11-09,310.5
1988-11-10,505.52
1988-11-11,184.2
1988-11-12,188.98
1988-11-13,229.05
1988-11-14,263.46
1988-11-15,433.86
1988-11-16,386.93
1988-11-17,189.85
1988-11-18,368.53
1988-11-19,187.5
1988-11-20,190.04
1988-11-21,505.41
1988-11-22,315.15
1988-11-23,359.87
1988-11-24,245.56
1988-11-25,142.4
1988-11-26,317.47
1988-11-27,203.61
1988-11-28,74.89
1988-11-29,257.15
1988-11-30,83.25
1988-12-01,81.82
1988-12-02,399.37
1988-12-03,75.25
1988-12-04,289.09
1988-12-05,101.54
1988-12-06,223.94
1988-12-07,205.01
1988-12-08,29.36
1988-12-09,29.43
1988-12-10,214.88
1988-12-11,157.64
1988-12-12,29.66
1988-12-13,312.73
1988-12-14,101.07
1988-12-15,400.47
1988-12-16,29.71
1988-12-17,29.72
1988-12-18,205.62
1988-12-19,155.55
1988-12-20,29.72
1988-12-21,219.53
1988-12-22,29.81
1988-12-23,231.87
1988-12-24,294.96
1988-12-25,100.88
1988-12-26,204.43
1988-12-27,157.38
1988-12-28,29.69
1988-12-29,205.93
1988-12-30,29.45
1989-01-01,159.42
1989-01-02,214.1
1989-01-03,105.91
1989-01-04,225.52
1989-01-05,221.92
1989-01-06,29.59
1989-01-07,203.19
1989-01-08,158.95
1989-01-09,29.5
1989-01-10,206.52
1989-01-11,154.4
1989-01-12,104.19
1989-01-13,292.16
1989-01-14,100.62
1989-01-15,158.49
1989-01-16,224.82
1989-01-17,29.77
1989-01-18,327.62
1989-01-19,29.69
1989-01-20,29.72
1989-01-21,205.33
1989-01-22,229.44
1989-01-23,100.8
1989-01-24,217.86
1989-01-25,29.75
1989-01-26,29.74
1989-01-27,223.34
1989-01-28,29.93
1989-01-29,335.1
1989-01-30,30.03
1989-01-31,111.7
1989-02-01,405.15
1989-02-02,100.86
1989-02-03,29.82
1989-02-04,357.21
1989-02-05,43.96
1989-02-06,44.63
1989-02-07,275.35
1989-02-08,76.72
1989-02-09,249.98
1989-02-10,237.42
1989-02-11,219.86
1989-02-12,206.85
1989-02-13,29.91
1989-02-14,220.44
1989-02-15,253.73
1989-02-16,61.87
1989-02-17,185.08
1989-02-18,257.87
1989-02-19,145.12
1989-02-20,312.81
1989-02-21,137.2
1989-02-22,29.71
1989-02-23,207.56
1989-02-24,161.09
1989-02-25,29.31
1989-02-26,219.6
1989-02-27,159.49
1989-02-28,29.62
1989-03-01,310.65
1989-03-02,232.03
1989-03-03,274.47
1989-03-04,29.5
1989-03-05,156.69
1989-03-06,208.42
1989-03-07,29.47
1989-03-08,29.5
1989-03-09,221.36
1989-03-10,29.52
1989-03-11,98.96
1989-03-12,100.13
1989-03-13,29.66
1989-03-14,203.98
1989-03-15,29.62
1989-03-16,188.4
1989-03-17,247.24
1989-03-18,108.39
1989-03-19,113.65
1989-03-20,382.38
1989-03-21,143.32
1989-03-22,362.26
1989-03-23,67.79
1989-03-24,29.49
1989-03-25,206.98
1989-03-26,29.5
1989-03-27,29.47
1989-03-28,220.33
1989-03-29,29.42
1989-03-30,99.4
1989-03-31,390.39
1989-04-01,29.46
1989-04-02,203.68
1989-04-03,153.28
1989-04-04,29.32
1989-04-05,208.85
1989-04-06,155.87
1989-04-07,29.52
1989-04-08,302.48
1989-04-09,98.55
1989-04-10,272.09
1989-04-11,29.55
1989-04-12,29.43
1989-04-13,204.77
1989-04-14,29.8
1989-04-15,29.92
1989-04-16,215.84
1989-04-17,154.31
1989-04-18,102.87
1989-04-19,291.68
1989-04-20,225.19
1989-04-21,203.5
1989-04-22,30.13
1989-04-23,29.66
1989-04-24,205.18
1989-04-25,1497.72
1989-04-26,199.11
1989-04-27,351.19
1989-04-28,132.15
1989-04-29,1449.46
1989-04-30,346.44
1989-05-01,2086.18
1989-05-02,2324.64
1989-05-03,252.98
1989-05-04,144.79
1989-05-05,451.42
1989-05-06,1730.24
1989-05-07,67.38
1989-05-08,1874.67
1989-05-09,128.07
1989-05-10,182.85
1989-05-11,246.88
1989-05-12,110.63
1989-05-13,332.15
1989-05-14,29.34
1989-05-15,29.49
1989-05-16,204.11
1989-05-17,939.13
1989-05-18,1129.55
1989-05-19,275.23
1989-05-20,29.47
1989-05-21,159.95
1989-05-22,204.75
1989-05-23,29.54
1989-05-24,29.47
1989-05-25,207.06
1989-05-26,154.75
1989-05-27,99.69
1989-05-28,280.72
1989-05-29,98.01
1989-05-30,29.53
1989-05-31,344.35
1989-06-01,29.49
1989-06-02,29.51
1989-06-03,222.05
1989-06-04,29.56
1989-06-05,155.4
1989-06-06,291.86
1989-06-07,98.96
1989-06-08,203.27
1989-06-09,29.56
1989-06-10,155.43
1989-06-11,205.04
1989-06-12,29.56
1989-06-13,29.44
1989-06-14,215.85
1989-06-15,243.07
1989-06-16,100.3
1989-06-17,292.68
1989-06-18,29.88
1989-06-19,78.58
1989-06-20,358.77
1989-06-21,29.32
1989-06-22,327.9
1989-06-23,29.4
1989-06-24,29.43
1989-06-25,278.16
1989-06-26,98.28
1989-06-27,226.75
1989-06-28,219.12
1989-06-29,29.2
1989-06-30,29.59
1989-07-01,225.51
1989-07-02,29.59
1989-07-03,204.4
1989-07-04,156.86
1989-07-05,97.83
1989-07-06,276.76
1989-07-07,29.33
1989-07-08,29.83
1989-07-09,220.24
1989-07-10,29.28
1989-07-11,327.87
1989-07-12,29.21
1989-07-13,186.2
1989-07-14,355.16
1989-07-15,132.74
1989-07-16,255.79
1989-07-17,243.03
1989-07-18,62.53
1989-07-19,194.46
1989-07-20,258.02
1989-07-21,188.77
1989-07-22,299.27
1989-07-23,185.03
1989-07-24,249.81
1989-07-25,324.96
1989-07-26,306.05
1989-07-27,103.61
1989-07-28,292.83
1989-07-29,231.76
1989-07-30,160.91
1989-07-31,317.44
1989-08-01,102.06
1989-08-02,271.65
1989-08-03,357.31
1989-08-04,212.51
1989-08-05,250.42
1989-08-06,283.31
1989-08-07,29.17
1989-08-08,335.52
1989-08-09,29.21
1989-08-10,29.37
1989-08-11,222.67
1989-08-12,207.29
1989-08-13,402.54
1989-08-14,105.68
1989-08-15,36.93
1989-08-16,212.98
1989-08-17,36.75
1989-08-18,37.05
1989-08-19,224.48
1989-08-20,163.96
1989-08-21,37.22
1989-08-22,434.94
1989-08-23,108.95
1989-08-24,280.83
1989-08-25,36.6
1989-08-26,36.55
1989-08-27,212.93
1989-08-28,36.85
1989-08-29,162.16
1989-08-30,228.96
1989-08-31,160.47
1989-09-01,105.51
1989-09-02,298.9
1989-09-03,36.67
1989-09-04,210.89
1989-09-05,165.39
1989-09-06,36.84
1989-09-07,347.34
1989-09-08,36.96
1989-09-09,333.22
1989-09-10,680.06
1989-09-11,372.93
1989-09-12,272.48
1989-09-13,29.66
1989-09-14,159.39
1989-09-15,207.14
1989-09-16,154.06
1989-09-17,29.61
1989-09-18,222.48
1989-09-19,29.63
1989-09-20,97.93
1989-09-21,224.38
1989-09-22,29.92
1989-09-23,206.3
1989-09-24,29.88
1989-09-25,29.83
1989-09-26,340.92
1989-09-27,30
1989-09-28,155.62
1989-09-29,303.26
1989-09-30,98.66
1989-10-01,273.52
1989-10-02,29.66
1989-10-03,159.41
1989-10-04,205.64
1989-10-05,153.9
1989-10-06,29.7
1989-10-07,220.36
1989-10-08,29.65
1989-10-09,100.44
1989-10-10,1048
1989-10-11,97.84
1989-10-12,330.83
1989-10-13,29.62
1989-10-14,29.64
1989-10-15,209.78
1989-10-16,29.74
1989-10-17,29.57
1989-10-18,223.62
1989-10-19,227.75
1989-10-20,272.38
1989-10-21,154.74
1989-10-22,29.67
1989-10-23,330.32
1989-10-24,29.47
1989-10-25,29.69
1989-10-26,221.18
1989-10-27,29.68
1989-10-28,29.59
1989-10-29,98.14
1989-10-30,98.36
1989-10-31,204.68
1989-11-01,158.45
1989-11-02,29.51
1989-11-03,346.2
1989-11-04,29.6
1989-11-05,154.12
1989-11-06,222.09
1989-11-07,231.6
1989-11-08,272.39
1989-11-09,97.76
1989-11-10,29.57
1989-11-11,210.46
1989-11-12,29.46
1989-11-13,29.96
1989-11-14,224.89
1989-11-15,29.81
1989-11-16,203.6
1989-11-17,99.13
1989-11-18,98.68
1989-11-19,205.87
1989-11-20,29.72
1989-11-21,29.64
1989-11-22,349.15
1989-11-23,29.91
1989-11-24,171.77
1989-11-25,238.59
1989-11-26,1111.87
1989-11-27,321.05
1989-11-28,265.78
1989-11-29,1470.18
1989-11-30,500.76
1989-12-01,61.18
1989-12-02,193.65
1989-12-03,260.17
1989-12-04,187.18
1989-12-05,235.47
1989-12-06,268.79
1989-12-07,97.53
1989-12-08,398.16
1989-12-09,29.59
1989-12-10,154.94
1989-12-11,220.85
1989-12-12,153.78
1989-12-13,29.56
1989-12-14,947.98
1989-12-15,29.6
1989-12-16,402.18
1989-12-17,98.13
1989-12-18,223.53
1989-12-19,216.98
1989-12-20,155.02
1989-12-21,29.39
1989-12-22,348.29
1989-12-23,29.66
1989-12-24,334.66
1989-12-25,29.82
1989-12-26,225.19
1989-12-27,275.6
1989-12-28,155.54
1989-12-29,76.31
1989-12-30,309.61
1989-12-31,109.54
1990-01-01,108.13
1990-01-02,305.54
1990-01-03,67.87
1990-01-04,241.58
1990-01-05,230.57
1990-01-06,97.46
1990-01-07,207.15
1990-01-08,29.26
1990-01-09,29.55
1990-01-10,221.72
1990-01-11,29.36
1990-01-12,201.53
1990-01-13,29.19
1990-01-14,110.73
1990-01-15,272.08
1990-01-16,220.08
1990-01-17,29.26
1990-01-18,330.93
1990-01-19,29.24
1990-01-20,154.69
1990-01-21,221.5
1990-01-22,155.63
1990-01-23,29.42
1990-01-24,233.34
1990-01-25,98.02
1990-01-26,423.65
1990-01-27,29.53
1990-01-28,29.76
1990-01-29,217.88
1990-01-30,29.82
1990-01-31,29.82
1990-02-01,222.84
1990-02-02,29.66
1990-02-03,273.87
1990-02-04,98.89
1990-02-05,127.02
1990-02-06,237.45
1990-02-07,67.84
1990-02-08,191.38
1990-02-09,251.46
1990-02-10,193.95
1990-02-11,65.69
1990-02-12,380.11
1990-02-13,129.21
1990-02-14,1654.64
1990-02-15,64.59
1990-02-16,63.42
1990-02-17,238.44
1990-02-18,59.58
1990-02-19,66.27
1990-02-20,249.42
1990-02-21,65.25
1990-02-22,60.91
1990-02-23,128.37
1990-02-24,132.96
1990-02-25,359.22
1990-02-26,58.79
1990-02-27,59.78
1990-02-28,328.1
1990-03-01,274.66
1990-03-02,148.77
1990-03-03,465.28
1990-03-04,146.51
1990-03-05,334.36
1990-03-06,212.35
1990-03-07,210.4
1990-03-08,317.61
1990-03-09,142.53
1990-03-10,70.34
1990-03-11,218.46
1990-03-12,154.75
1990-03-13,29.13
1990-03-14,351.64
1990-03-15,98.84
1990-03-16,98.4
1990-03-17,223.17
1990-03-18,29.14
1990-03-19,202.26
1990-03-20,222.86
1990-03-21,154.48
1990-03-22,202.41
1990-03-23,155.14
1990-03-24,29.25
1990-03-25,399.95
1990-03-26,97.68
1990-03-27,29.2
1990-03-28,217.27
1990-03-29,29.34
1990-03-30,29.21
1990-03-31,221.77
1990-04-01,155.31
1990-04-02,29.56
1990-04-03,351.95
1990-04-04,98.29
1990-04-05,272.05
1990-04-06,29.59
1990-04-07,29.7
1990-04-08,205.19
1990-04-09,29.43
1990-04-10,155.66
1990-04-11,214.37
1990-04-12,156.4
1990-04-13,29.67
1990-04-14,290.62
1990-04-15,97.98
1990-04-16,29.76
1990-04-17,288.98
1990-04-18,29.7
1990-04-19,202.37
1990-04-20,932.01
1990-04-21,154.78
1990-04-22,204
1990-04-23,65.96
1990-04-24,129.24
1990-04-25,442.74
1990-04-26,63.72
1990-04-27,182.32
1990-04-28,253.19
1990-04-29,58.92
1990-04-30,237.18
1990-05-01,63.43
1990-05-02,61.43
1990-05-03,384.63
1990-05-04,246.2
1990-05-05,249.7
1990-05-06,251.17
1990-05-07,62.75
1990-05-08,61.51
1990-05-09,258.98
1990-05-10,59.92
1990-05-11,64.03
1990-05-12,59.71
1990-05-13,173.16
1990-05-14,341.79
1990-05-15,171.74
1990-05-16,104.05
1990-05-17,236.2
1990-05-18,58.6
1990-05-19,65.7
1990-05-20,248.48
1990-05-21,181.63
1990-05-22,59.28
1990-05-23,450.46
1990-05-24,126.78
1990-05-25,507.04
1990-05-26,68.03
1990-05-27,191.65
1990-05-28,328.18
1990-05-29,148.95
1990-05-30,147.64
1990-05-31,338.16
1990-06-01,145.78
1990-06-02,212.92
1990-06-03,404.44
1990-06-04,143.45
1990-06-05,443.64
1990-06-06,143.08
1990-06-07,273.45
1990-06-08,318.52
1990-06-09,142.35
1990-06-10,142.27
1990-06-11,333.44
1990-06-12,156.95
1990-06-13,98.34
1990-06-14,351.07
1990-06-15,29.65
1990-06-16,334.6
1990-06-17,29.78
1990-06-18,29.71
1990-06-19,338.65
1990-06-20,71.44
1990-06-21,227.44
1990-06-22,409.88
1990-06-23,213.36
1990-06-24,144.79
1990-06-25,462.86
1990-06-26,144.15
1990-06-27,446.66
1990-06-28,141.99
1990-06-29,90.78
1990-06-30,208.11
1990-07-01,99.12
1990-07-02,225.91
1990-07-03,220.77
1990-07-04,30
1990-07-05,29.75
1990-07-06,224.91
1990-07-07,29.7
1990-07-08,203.65
1990-07-09,156.79
1990-07-10,30
1990-07-11,273.71
1990-07-12,98.28
1990-07-13,29.9
1990-07-14,213.18
1990-07-15,30.06
1990-07-16,160.31
1990-07-17,223.37
1990-07-18,29.83
1990-07-19,29.72
1990-07-20,108.78
1990-07-21,224.02
1990-07-22,273.3
1990-07-23,159.05
1990-07-24,29.74
1990-07-25,209.27
1990-07-26,29.79
1990-07-27,29.63
1990-07-28,349.38
1990-07-29,29.66
1990-07-30,101.77
1990-07-31,293.97
1990-08-01,97.24
1990-08-02,329.72
1990-08-03,29.73
1990-08-04,155.59
1990-08-05,209.14
1990-08-06,29.69
1990-08-07,29.73
1990-08-08,222.14
1990-08-09,229.36
1990-08-10,98.2
1990-08-11,289.66
1990-08-12,29.59
1990-08-13,204.05
1990-08-14,156.97
1990-08-15,29.8
1990-08-16,205.86
1990-08-17,29.81
1990-08-18,29.8
1990-08-19,417.89
1990-08-20,98.89
1990-08-21,29.8
1990-08-22,222.48
1990-08-23,29.84
1990-08-24,331.07
1990-08-25,29.57
1990-08-26,29.8
1990-08-27,207.15
1990-08-28,30.09
1990-08-29,226.39
1990-08-30,291.36
1990-08-31,30.01
1990-09-01,44.5
1990-09-02,242.05
1990-09-03,169.98
1990-09-04,253.77
1990-09-05,74.91
1990-09-06,92.75
1990-09-07,258.32
1990-09-08,270.07
1990-09-09,148.26
1990-09-10,281.92
1990-09-11,148.82
1990-09-12,144.79
1990-09-13,2389.92
1990-09-14,972.03
1990-09-15,237.73
1990-09-16,62.81
1990-09-17,59.27
1990-09-18,304.93
1990-09-19,128.76
1990-09-20,61.6
1990-09-21,220.98
1990-09-22,156
1990-09-23,29.44
1990-09-24,29.54
1990-09-25,29.3
1990-09-26,201.93
1990-09-27,111.72
1990-09-28,101.1
1990-09-29,403.5
1990-09-30,29.5
1990-10-01,152.81
1990-10-02,219.23
1990-10-03,29.5
1990-10-04,29.42
1990-10-05,29.51
1990-10-06,153.97
1990-10-07,274.35
1990-10-08,228.09
1990-10-09,216.79
1990-10-10,331.54
1990-10-11,29.5
1990-10-12,79.66
1990-10-13,396.29
1990-10-14,79.22
1990-10-15,251.26
1990-10-16,62.21
1990-10-17,137.32
1990-10-18,413.55
1990-10-19,97.25
1990-10-20,29.77
1990-10-21,218.97
1990-10-22,153.84
1990-10-23,29.39
1990-10-24,349.8
1990-10-25,29.51
1990-10-26,201.63
1990-10-27,101.19
1990-10-28,97.24
1990-10-29,395.23
1990-10-30,29.47
1990-10-31,157.39
1990-11-01,218.26
1990-11-02,29.56
1990-11-03,29.24
1990-11-04,221.83
1990-11-05,150.57
1990-11-06,273.37
1990-11-07,225.03
1990-11-08,95.88
1990-11-09,207.31
1990-11-10,29.1
1990-11-11,29.21
1990-11-12,349.28
1990-11-13,29.52
1990-11-14,202.62
1990-11-15,29.55
1990-11-16,106.02
1990-11-17,396.62
1990-11-18,97.12
1990-11-19,196.92
1990-11-20,253.01
1990-11-21,66.75
1990-11-22,64.29
1990-11-23,255
1990-11-24,61.74
1990-11-25,237.38
1990-11-26,139.43
1990-11-27,97.17
1990-11-28,398
1990-11-29,29.45
1990-11-30,155.45
1990-12-01,216.96
1990-12-02,28.86
1990-12-03,28.86
1990-12-04,219.88
1990-12-05,153.7
1990-12-06,282.2
1990-12-07,225.66
1990-12-08,98.53
1990-12-09,204.35
1990-12-10,29.59
1990-12-11,29.43
1990-12-12,346.41
1990-12-13,29.41
1990-12-14,29.45
1990-12-15,29.49
1990-12-16,104.32
1990-12-17,396.85
1990-12-18,97.32
1990-12-19,29.44
1990-12-20,206.19
1990-12-21,29.53
1990-12-22,152.69
1990-12-23,220.89
1990-12-24,155.79
1990-12-25,29.62
1990-12-26,110.35
1990-12-27,220.43
1990-12-28,272.76
1990-12-29,29.68
1990-12-30,29.66
1990-12-31,219.75
,154.96
,29.73
,221.82
,29.7
,203.75
,223.56
,97.62
,209.45
,29.57
,29.89
,352.03
,29.91
,201.61
,29.4
,29.72
,404.45
,98.26
,29.76
,343.42
,29.76
,64.82
,1163.22
,63.23
,365.7
,59.47
,126.3
,305.32
,183.32
,182.09
,221.49
,29.85
,156.66
,29.69
,30.09
,204.64
,98.01
,98.03
,214.07
,29.34
,156.03
,222.53
,29.5
,202.7
,29.62
,29.63
,275.34
,96.67
,155.63
,222.68
,29.16
,256.35
,29.87
,29.86
,205.73
,29.8
,227.52
,289.14
,29.56
,154.85
,222.14
,29.2
,202.56
,28.96
,159.64
,214.64
,97.12
,223.25
,223.16
,29.47
,202.65
,29.5
,29.53
,205.01
,29.63
,158.22
,288.11
,97.96
,155.33
,218.71
,29.32
,203.16
,29.99
,29.45
,207.53
,29.5
,225.85
,289.78
,29.68
,292.64
,279.67
,362.65
,370.23
,194
,149.36
,335.83
,343.83
,214.74
,339.41
,216.68
,207.49
,33.64
,33.72
,211.37
,165.19
,113.39
,294.22
,228.42
,207.16
,33.84
,33.55
,210.34
,33.95
,30.01
,220.88
,236.09
,97.56
,291.41
,155.89
,203.86
,29.84
,29.98
,208.11
,29.83
,29.8
,296.24
,231.15
,29.84
,29.75
,157.48
,204.65
,29.75
,29.8
,215.3
,29.79
,98.43
,293.76
,29.85
,203.73
,29.97
,157.85
,208.55
,29.83
,156.76
,221.99
,98.49
,272.44
,29.97
,29.84
,205.95
,29.94
,29.93
,220.33
,29.95
,161.03
,923.14
,98.41
,333.12
,29.81
,29.88
,346.71
,29.97
,29.87
,231.52
,30.11
,275.06
,98.65
,29.86
,345.1
,43.47
,91.32
,400.82
,80.65
,252.4
,202.55
,145.64
,333.55
,288.7
,207.2
,255.7
,65.22
,235.37
,106.59
,60.34
,233.92
,131.68
,127.63
,323.34
,155.7
,202.21
,29.17
,154.02
,205.24
,29.71
,29.74
,292.68
,97.91
,96.37
,29.5
,29.47
,204.83
,29.6
,158.97
,221.26
,29.62
,400.93
,97.8
,96.6
,333.03
,29.46
,29.37
,345.39
,29.3
,248.8
,115.19
,185.76
,356.71
,180.75
,104.99
,347.05
,29.26
,29.33
,29.34
,29.2
,203.74
,101.19
,97.77
,288.83
,29.42
,200.6
,158.75
,29.42
,203.49
,156.03
,28.98
,289.91
,222.8
,96.58
,225.76
,154.11
,204.1
,29.71
,30.06
,218.46
,29.95
,100.54
,326.63
,261.89
,239.11
,64.78
,67.04
,243.74
,65.65
,63.51
,254.82
,264.39
,302.14
,129.09
,189.9
,236.05
,64.14
,155.15
,220.93
,29.35
,117.02
,102.15
,100.3
,233.64
,29.71
,202.51
,222.76
,29.62
,157.57
,225.16
,112.12
,399.6
,291.48
,29.82
,328.36
,29.97
,29.37
,207.74
,29.65
,29.63
,298.92
,97.13
,96.89
,224.05
,29.2
,203.03
,29.52
,29.7
,328.83
,29.67
,109.63
,409.04
,97.41
,28.92
,352.57
,28.86
,201.52
,1352.96
,28.81
,204.9
,238.21
,96.9
,286.14
,156.38
,29.49
,29.34
,155.9
,206.22
,29.38
,153.94
,301.74
,97.73
,221.32
,738.52
,29.38
,205.11
,29.9
,29.72
,215.29
,29.08
,101.09
,290.58
,129.97
,237.55
,60.87
,61.84
,418.08
,58
,61.91
,257.61
,144.99
,446.93
,135.78
,174.27
,321.08
,193.96
,321.71
,275.2
,126.22
,116.42
,176.04
,304.9
,280.52
,111.4
,229.06
,294.43
,106.92
,107.33
,98.43
,293.46
,348.85
,176.05
,57.57
,248.82
,185.22
,58.44
,58.36
,186.45
,235.44
,59.75
,132.09
,330.34
,252.85
,125.57
,453.84
,392.71
,366.64
,334.21
,149.17
,462.9
,215.16
,213.58
,339.25
,144.32
,441.45
,142.86
,270.85
,323.37
,130.3
,44
,297.65
,222.34
,276.46
,159.75
,33.62
,341.79
,33.76
,33.64
,228.75
,33.73
,402.73
,102.66
,33.78
,213.94
,33.76
,154.96
,227.88
,161.82
,207.29
,33.49
,103.22
,282.48
,161.09
,33.32
,228.76
,33.48
,207.33
,162.29
,32.54
,288.48
,221.9
,99.76
,356.87
,31.17
,206.18
,156.41
,31.03
,212.05
,30.98
,103.13
,423.27
,98.46
,205.49
,153.61
,30.94
,209.94
,30.85
,30.66
,354.11
,100.57
,274.13
,223.24
,30.81
,208.31
,30.8
,30.72
,354.61
,30.81
,30.63
,227.76
,99.61
,207.42
,154.8
,30.71
,224.27
,30.84
,204.44
,30.87
,30.89
,276.5
,99
,30.56
,223.77
,159.13
,204.34
,30.47
,161.07
,207.9
,30.43
,287.16
,294.31
,30.66
,351.69
,45.37
,78.32
,417.1
,116.9
,110.11
,504.5
,181.83
,352.21
,239.9
,79.06
,259.94
,209.48
,115.75
,345.22
,275.07
,281.48
,98.25
,226.61
,207.86
,29.9
,161.27
,221.52
,30.44
,449.4
,30.58
,143.7
,494.01
,80.04
,121.33
,1606.35
,182.43
,460.03
,144.99
,161.34
,348.33
,100.03
,99.89
,161.58
,30.46
,205.76
,160.59
,30.24
,220.35
,158.99
,30.25
,98.18
,226.24
,204.98
,30.15
,159.56
,222.88
,30.45
,334.5
,30.47
,30.39
,406.13
,98.85
,30.5
,354.34
,30.74
,204.98
,101.95
,103.46
,290.14
,110.15
,177.15
,371.71
,110.82
,285.5
,106.46
,112.58
,367.02
,109.22
,67.03
,140.11
,98.14
,273.08
,30.13
,30.29
,220.98
,151.28
,201.82
,30.33
,153.47
,288.29
,98.65
,225.49
,224.56
,30.58
,333.29
,30.45
,30.41
,340.74
,30.53
,108.04
,421.34
,98.23
,205.43
,30.53
,30.56
,218.83
,30.47
,30.48
,30.65
,102.3
,399.46
,98.16
,30.61
,351.17
,30.47
,30.68
,159.37
,30.68
,206.96
,230.78
,99.07
,259.4
,192.72
,204
,30.77
,159.1
,207.55
,30.28
,162.45
,291.57
,98.94
,204.07
,30.49
,30.51
,209.04
,30.18
,30.04
,223.35
,155.91
,273.4
,98.48
,158.65
,219.07
,30.42
,162.04
,224.34
,30.37
,206.49
,30.61
,99.37
,291.52
,30.4
,30.38
,30.07
,157.6
,206.4
,29.83
,156.63
,296.99
,126.37
,306.04
,965.22
,963.93
,368.67
,65.78
,106.61
,405.92
,148.41
,398.64
,276.26
,181.2
,282.24
,225.06
,106.1
,300.49
,225.71
,274.27
,102.5
,296.46
,349.77
,101.44
,227.54
,297.09
,101.56
,403.01
,103.54
,225.45
,458.11
,225.97
,171.59
,299.91
,106.72
,327.01
,104.51
,106.32
,410.62
,74.27
,209.09
,471.01
,201.64
,385.17
,30.41
,30.4
,336.63
,30.15
,30.27
,350.92
,101.1
,273.12
